<?xml version='1.0' encoding='UTF-8' standalone='yes' ?><hierarchy rotation="0"><node index="0" text="" resource-id="" class="android.widget.FrameLayout" package="de.hafas.android.cfl" content-desc="" checkable="false" checked="false" clickable="false" enabled="true" focusable="false" focused="false" scrollable="false" long-clickable="false" password="false" selected="false" bounds="[0,0][1080,2028]"><node index="0" text="" resource-id="de.hafas.android.cfl:id/drawer_layout" class="androidx.drawerlayout.widget.DrawerLayout" package="de.hafas.android.cfl" content-desc="" checkable="false" checked="false" clickable="false" enabled="true" focusable="false" focused="false" scrollable="false" long-clickable="false" password="false" selected="false" bounds="[0,0][1080,2028]"><node index="0" text="" resource-id="de.hafas.android.cfl:id/main_container" class="android.widget.LinearLayout" package="de.hafas.android.cfl" content-desc="" checkable="false" checked="false" clickable="false" enabled="true" focusable="false" focused="false" scrollable="false" long-clickable="false" password="false" selected="false" bounds="[0,0][1080,2028]"><node index="0" text="" resource-id="de.hafas.android.cfl:id/toolbar" class="android.view.ViewGroup" package="de.hafas.android.cfl" content-desc="" checkable="false" checked="false" clickable="false" enabled="true" focusable="false" focused="false" scrollable="false" long-clickable="false" password="false" selected="false" bounds="[0,0][1080,231]"><node index="0" text="" resource-id="" class="android.widget.ImageButton" package="de.hafas.android.cfl" content-desc="Show navigation drawer" checkable="false" checked="false" clickable="true" enabled="true" focusable="true" focused="false" scrollable="false" long-clickable="false" password="false" selected="false" bounds="[0,77][154,231]" /><node index="1" text="Trip Planner" resource-id="" class="android.widget.TextView" package="de.hafas.android.cfl" content-desc="" checkable="false" checked="false" clickable="false" enabled="true" focusable="false" focused="false" scrollable="false" long-clickable="false" password="false" selected="false" bounds="[198,117][498,191]" /><node index="2" text="" resource-id="" class="android.widget.ImageView" package="de.hafas.android.cfl" content-desc="More options" checkable="false" checked="false" clickable="true" enabled="true" focusable="true" focused="false" scrollable="false" long-clickable="true" password="false" selected="false" bounds="[969,88][1080,220]" /></node><node index="1" text="" resource-id="de.hafas.android.cfl:id/request_screen_container" class="android.widget.LinearLayout" package="de.hafas.android.cfl" content-desc="" checkable="false" checked="false" clickable="false" enabled="true" focusable="true" focused="false" scrollable="false" long-clickable="false" password="false" selected="false" bounds="[0,231][1080,2028]"><node index="0" text="" resource-id="" class="android.view.View" package="de.hafas.android.cfl" content-desc="Trip from: Ettelbruck" checkable="false" checked="false" clickable="true" enabled="true" focusable="true" focused="false" scrollable="false" long-clickable="false" password="false" selected="true" bounds="[132,264][937,396]" /><node index="1" text="" resource-id="de.hafas.android.cfl:id/button_current_position" class="android.widget.ImageButton" package="de.hafas.android.cfl" content-desc="Set current position as start" checkable="false" checked="false" clickable="true" enabled="true" focusable="true" focused="false" scrollable="false" long-clickable="false" password="false" selected="false" bounds="[937,264][1080,396]" /><node index="2" text="Via Ettelbruck" resource-id="de.hafas.android.cfl:id/text_via_description" class="android.widget.TextView" package="de.hafas.android.cfl" content-desc="" checkable="false" checked="false" clickable="true" enabled="true" focusable="true" focused="false" scrollable="false" long-clickable="false" password="false" selected="false" bounds="[132,407][937,460]" /><node index="3" text="" resource-id="" class="android.view.View" package="de.hafas.android.cfl" content-desc="Trip to: Arlon (Belgium)" checkable="false" checked="false" clickable="true" enabled="true" focusable="true" focused="false" scrollable="false" long-clickable="false" password="false" selected="false" bounds="[132,471][937,603]" /><node index="4" text="" resource-id="de.hafas.android.cfl:id/button_switch_direction" class="android.widget.ImageButton" package="de.hafas.android.cfl" content-desc="Switch start and destination" checkable="false" checked="false" clickable="true" enabled="true" focusable="true" focused="false" scrollable="false" long-clickable="false" password="false" selected="false" bounds="[937,471][1080,603]" /><node index="5" text="" resource-id="de.hafas.android.cfl:id/button_datetime" class="android.view.ViewGroup" package="de.hafas.android.cfl" content-desc="Searching for departure.   Search time: now" checkable="false" checked="false" clickable="true" enabled="true" focusable="true" focused="false" scrollable="false" long-clickable="false" password="false" selected="false" bounds="[44,603][898,735]"><node index="0" text="Dep   now" resource-id="de.hafas.android.cfl:id/datetime_text" class="android.widget.TextView" package="de.hafas.android.cfl" content-desc="" checkable="false" checked="false" clickable="false" enabled="true" focusable="false" focused="false" scrollable="false" long-clickable="false" password="false" selected="false" bounds="[44,643][216,696]" /></node><node index="6" text="" resource-id="de.hafas.android.cfl:id/button_options" class="android.widget.Button" package="de.hafas.android.cfl" content-desc="Extended search options" checkable="false" checked="false" clickable="true" enabled="true" focusable="true" focused="false" scrollable="false" long-clickable="false" password="false" selected="false" bounds="[915,603][1080,735]" /><node index="7" text="SEARCH" resource-id="de.hafas.android.cfl:id/button_search_default" class="android.widget.Button" package="de.hafas.android.cfl" content-desc="" checkable="false" checked="false" clickable="true" enabled="true" focusable="true" focused="false" scrollable="false" long-clickable="false" password="false" selected="false" bounds="[44,735][1036,834]" /><node index="8" text="" resource-id="de.hafas.android.cfl:id/tabs" class="android.widget.HorizontalScrollView" package="de.hafas.android.cfl" content-desc="" checkable="false" checked="false" clickable="false" enabled="true" focusable="true" focused="false" scrollable="false" long-clickable="false" password="false" selected="false" bounds="[0,878][1080,1010]"><node index="0" text="" resource-id="" class="android.widget.LinearLayout" package="de.hafas.android.cfl" content-desc="Locations" checkable="false" checked="false" clickable="false" enabled="true" focusable="true" focused="false" scrollable="false" long-clickable="false" password="false" selected="true" bounds="[0,878][360,1010]"><node index="0" text="LOCATIONS" resource-id="" class="android.widget.TextView" package="de.hafas.android.cfl" content-desc="" checkable="false" checked="false" clickable="false" enabled="true" focusable="false" focused="false" scrollable="false" long-clickable="false" password="false" selected="true" bounds="[59,917][300,970]" /></node><node index="1" text="" resource-id="" class="android.widget.LinearLayout" package="de.hafas.android.cfl" content-desc="Trips" checkable="false" checked="false" clickable="true" enabled="true" focusable="true" focused="false" scrollable="false" long-clickable="false" password="false" selected="false" bounds="[360,878][720,1010]"><node index="0" text="TRIPS" resource-id="" class="android.widget.TextView" package="de.hafas.android.cfl" content-desc="" checkable="false" checked="false" clickable="false" enabled="true" focusable="false" focused="false" scrollable="false" long-clickable="false" password="false" selected="false" bounds="[476,917][603,970]" /></node><node index="2" text="" resource-id="" class="android.widget.LinearLayout" package="de.hafas.android.cfl" content-desc="Map" checkable="false" checked="false" clickable="true" enabled="true" focusable="true" focused="false" scrollable="false" long-clickable="false" password="false" selected="false" bounds="[720,878][1080,1010]"><node index="0" text="MAP" resource-id="" class="android.widget.TextView" package="de.hafas.android.cfl" content-desc="" checkable="false" checked="false" clickable="false" enabled="true" focusable="false" focused="false" scrollable="false" long-clickable="false" password="false" selected="false" bounds="[852,917][948,970]" /></node></node><node index="9" text="" resource-id="de.hafas.android.cfl:id/tabhost_history" class="androidx.viewpager.widget.ViewPager" package="de.hafas.android.cfl" content-desc="" checkable="false" checked="false" clickable="false" enabled="true" focusable="false" focused="false" scrollable="false" long-clickable="false" password="false" selected="false" bounds="[0,1010][1080,2028]"><node index="0" text="" resource-id="de.hafas.android.cfl:id/history_recycler_view" class="androidx.recyclerview.widget.RecyclerView" package="de.hafas.android.cfl" content-desc="" checkable="false" checked="false" clickable="false" enabled="true" focusable="true" focused="false" scrollable="true" long-clickable="false" password="false" selected="false" bounds="[0,1010][1080,2028]"><node index="0" text="" resource-id="" class="android.widget.LinearLayout" package="de.hafas.android.cfl" content-desc="Home Define address" checkable="false" checked="false" clickable="true" enabled="true" focusable="true" focused="false" scrollable="false" long-clickable="true" password="false" selected="false" bounds="[22,1010][367,1164]" /><node index="1" text="" resource-id="" class="android.widget.LinearLayout" package="de.hafas.android.cfl" content-desc="Work Define address" checkable="false" checked="false" clickable="true" enabled="true" focusable="true" focused="false" scrollable="false" long-clickable="true" password="false" selected="false" bounds="[367,1010][712,1164]" /><node index="2" text="" resource-id="" class="android.widget.LinearLayout" package="de.hafas.android.cfl" content-desc="Add new address" checkable="false" checked="false" clickable="true" enabled="true" focusable="true" focused="false" scrollable="false" long-clickable="true" password="false" selected="false" bounds="[712,1010][1058,1164]" /><node index="3" text="" resource-id="de.hafas.android.cfl:id/view_history_location" class="android.view.ViewGroup" package="de.hafas.android.cfl" content-desc="" checkable="false" checked="false" clickable="true" enabled="true" focusable="true" focused="false" scrollable="false" long-clickable="true" password="false" selected="false" bounds="[0,1167][1080,1332]"><node index="0" text="" resource-id="de.hafas.android.cfl:id/location_cell_view" class="android.view.ViewGroup" package="de.hafas.android.cfl" content-desc="Arlon (Belgium), , Favorite No, departing transports, IC, RB, Bus, , " checkable="false" checked="false" clickable="false" enabled="true" focusable="false" focused="false" scrollable="false" long-clickable="false" password="false" selected="false" bounds="[0,1167][1080,1332]"><node index="0" text="Arlon (Belgium)" resource-id="de.hafas.android.cfl:id/text_location_name" class="android.widget.TextView" package="de.hafas.android.cfl" content-desc="" checkable="false" checked="false" clickable="false" enabled="true" focusable="false" focused="false" scrollable="false" long-clickable="false" password="false" selected="false" bounds="[132,1174][959,1248]" /><node index="1" text="" resource-id="de.hafas.android.cfl:id/location_compass_favorite" class="android.widget.LinearLayout" package="de.hafas.android.cfl" content-desc="" checkable="false" checked="false" clickable="false" enabled="true" focusable="false" focused="false" scrollable="false" long-clickable="false" password="false" selected="false" bounds="[981,1200][1036,1299]"><node index="0" text="" resource-id="de.hafas.android.cfl:id/button_favorite" class="android.widget.ImageButton" package="de.hafas.android.cfl" content-desc="Add as favorite" checkable="false" checked="false" clickable="true" enabled="true" focusable="true" focused="false" scrollable="false" long-clickable="false" password="false" selected="false" bounds="[981,1222][1036,1277]" /></node></node></node><node index="4" text="" resource-id="de.hafas.android.cfl:id/view_history_location" class="android.view.ViewGroup" package="de.hafas.android.cfl" content-desc="" checkable="false" checked="false" clickable="true" enabled="true" focusable="true" focused="false" scrollable="false" long-clickable="true" password="false" selected="false" bounds="[0,1332][1080,1497]"><node index="0" text="" resource-id="de.hafas.android.cfl:id/location_cell_view" class="android.view.ViewGroup" package="de.hafas.android.cfl" content-desc="Ettelbruck, , Favorite No, departing transports, IC, RB, RE, , " checkable="false" checked="false" clickable="false" enabled="true" focusable="false" focused="false" scrollable="false" long-clickable="false" password="false" selected="false" bounds="[0,1332][1080,1497]"><node index="0" text="Ettelbruck" resource-id="de.hafas.android.cfl:id/text_location_name" class="android.widget.TextView" package="de.hafas.android.cfl" content-desc="" checkable="false" checked="false" clickable="false" enabled="true" focusable="false" focused="false" scrollable="false" long-clickable="false" password="false" selected="false" bounds="[132,1339][959,1413]" /><node index="1" text="" resource-id="de.hafas.android.cfl:id/location_compass_favorite" class="android.widget.LinearLayout" package="de.hafas.android.cfl" content-desc="" checkable="false" checked="false" clickable="false" enabled="true" focusable="false" focused="false" scrollable="false" long-clickable="false" password="false" selected="false" bounds="[981,1365][1036,1464]"><node index="0" text="" resource-id="de.hafas.android.cfl:id/button_favorite" class="android.widget.ImageButton" package="de.hafas.android.cfl" content-desc="Add as favorite" checkable="false" checked="false" clickable="true" enabled="true" focusable="true" focused="false" scrollable="false" long-clickable="false" password="false" selected="false" bounds="[981,1387][1036,1442]" /></node></node></node><node index="5" text="" resource-id="de.hafas.android.cfl:id/view_history_location" class="android.view.ViewGroup" package="de.hafas.android.cfl" content-desc="" checkable="false" checked="false" clickable="true" enabled="true" focusable="true" focused="false" scrollable="false" long-clickable="true" password="false" selected="false" bounds="[0,1497][1080,1662]"><node index="0" text="" resource-id="de.hafas.android.cfl:id/location_cell_view" class="android.view.ViewGroup" package="de.hafas.android.cfl" content-desc="Luxembourg, , Favorite No, departing transports, TGV, IC, RB, RE, TER, Bus, , " checkable="false" checked="false" clickable="false" enabled="true" focusable="false" focused="false" scrollable="false" long-clickable="false" password="false" selected="false" bounds="[0,1497][1080,1662]"><node index="0" text="Luxembourg" resource-id="de.hafas.android.cfl:id/text_location_name" class="android.widget.TextView" package="de.hafas.android.cfl" content-desc="" checkable="false" checked="false" clickable="false" enabled="true" focusable="false" focused="false" scrollable="false" long-clickable="false" password="false" selected="false" bounds="[132,1504][959,1578]" /><node index="1" text="" resource-id="de.hafas.android.cfl:id/location_compass_favorite" class="android.widget.LinearLayout" package="de.hafas.android.cfl" content-desc="" checkable="false" checked="false" clickable="false" enabled="true" focusable="false" focused="false" scrollable="false" long-clickable="false" password="false" selected="false" bounds="[981,1530][1036,1629]"><node index="0" text="" resource-id="de.hafas.android.cfl:id/button_favorite" class="android.widget.ImageButton" package="de.hafas.android.cfl" content-desc="Add as favorite" checkable="false" checked="false" clickable="true" enabled="true" focusable="true" focused="false" scrollable="false" long-clickable="false" password="false" selected="false" bounds="[981,1552][1036,1607]" /></node></node></node><node index="6" text="" resource-id="de.hafas.android.cfl:id/view_history_location" class="android.view.ViewGroup" package="de.hafas.android.cfl" content-desc="" checkable="false" checked="false" clickable="true" enabled="true" focusable="true" focused="false" scrollable="false" long-clickable="true" password="false" selected="false" bounds="[0,1662][1080,1827]"><node index="0" text="" resource-id="de.hafas.android.cfl:id/location_cell_view" class="android.view.ViewGroup" package="de.hafas.android.cfl" content-desc="Mersch, , Favorite No, departing transports, IC, RB, RE, , " checkable="false" checked="false" clickable="false" enabled="true" focusable="false" focused="false" scrollable="false" long-clickable="false" password="false" selected="false" bounds="[0,1662][1080,1827]"><node index="0" text="Mersch" resource-id="de.hafas.android.cfl:id/text_location_name" class="android.widget.TextView" package="de.hafas.android.cfl" content-desc="" checkable="false" checked="false" clickable="false" enabled="true" focusable="false" focused="false" scrollable="false" long-clickable="false" password="false" selected="false" bounds="[132,1669][959,1743]" /><node index="1" text="" resource-id="de.hafas.android.cfl:id/location_compass_favorite" class="android.widget.LinearLayout" package="de.hafas.android.cfl" content-desc="" checkable="false" checked="false" clickable="false" enabled="true" focusable="false" focused="false" scrollable="false" long-clickable="false" password="false" selected="false" bounds="[981,1695][1036,1794]"><node index="0" text="" resource-id="de.hafas.android.cfl:id/button_favorite" class="android.widget.ImageButton" package="de.hafas.android.cfl" content-desc="Add as favorite" checkable="false" checked="false" clickable="true" enabled="true" focusable="true" focused="false" scrollable="false" long-clickable="false" password="false" selected="false" bounds="[981,1717][1036,1772]" /></node></node></node><node index="7" text="" resource-id="de.hafas.android.cfl:id/view_history_location" class="android.view.ViewGroup" package="de.hafas.android.cfl" content-desc="" checkable="false" checked="false" clickable="true" enabled="true" focusable="true" focused="false" scrollable="false" long-clickable="true" password="false" selected="false" bounds="[0,1827][1080,1992]"><node index="0" text="" resource-id="de.hafas.android.cfl:id/location_cell_view" class="android.view.ViewGroup" package="de.hafas.android.cfl" content-desc="Remich, Caves St. Martin, , Favorite No, departing transports, Bus 341, Bus 342, Bus 411, Bus B04, Bus B08, Bus B09, Bus B27, Bus B28, Bus E08, Bus H06, Bus L04, Bus L05, Bus L07, , " checkable="false" checked="false" clickable="false" enabled="true" focusable="false" focused="false" scrollable="false" long-clickable="false" password="false" selected="false" bounds="[0,1827][1080,1992]"><node index="0" text="Remich, Caves St. Martin" resource-id="de.hafas.android.cfl:id/text_location_name" class="android.widget.TextView" package="de.hafas.android.cfl" content-desc="" checkable="false" checked="false" clickable="false" enabled="true" focusable="false" focused="false" scrollable="false" long-clickable="false" password="false" selected="false" bounds="[132,1834][959,1908]" /><node index="1" text="" resource-id="de.hafas.android.cfl:id/location_compass_favorite" class="android.widget.LinearLayout" package="de.hafas.android.cfl" content-desc="" checkable="false" checked="false" clickable="false" enabled="true" focusable="false" focused="false" scrollable="false" long-clickable="false" password="false" selected="false" bounds="[981,1860][1036,1959]"><node index="0" text="" resource-id="de.hafas.android.cfl:id/button_favorite" class="android.widget.ImageButton" package="de.hafas.android.cfl" content-desc="Add as favorite" checkable="false" checked="false" clickable="true" enabled="true" focusable="true" focused="false" scrollable="false" long-clickable="false" password="false" selected="false" bounds="[981,1882][1036,1937]" /></node></node></node><node index="8" text="" resource-id="de.hafas.android.cfl:id/view_history_location" class="android.view.ViewGroup" package="de.hafas.android.cfl" content-desc="" checkable="false" checked="false" clickable="true" enabled="true" focusable="true" focused="false" scrollable="false" long-clickable="true" password="false" selected="false" bounds="[0,1992][1080,2028]"><node index="0" text="" resource-id="de.hafas.android.cfl:id/location_cell_view" class="android.view.ViewGroup" package="de.hafas.android.cfl" content-desc="Bruxelles-Midi (Belgium), , Favorite No, departing transports, ECD, ESL, EST, ICE, NJ, TGV, EC, IC, OTC, RE, Bus, , " checkable="false" checked="false" clickable="false" enabled="true" focusable="false" focused="false" scrollable="false" long-clickable="false" password="false" selected="false" bounds="[0,1992][1080,2028]"><node index="0" text="Bruxelles-Midi (Belgium)" resource-id="de.hafas.android.cfl:id/text_location_name" class="android.widget.TextView" package="de.hafas.android.cfl" content-desc="" checkable="false" checked="false" clickable="false" enabled="true" focusable="false" focused="false" scrollable="false" long-clickable="false" password="false" selected="false" bounds="[132,1999][959,2028]" /><node index="1" text="" resource-id="de.hafas.android.cfl:id/location_compass_favorite" class="android.widget.LinearLayout" package="de.hafas.android.cfl" content-desc="" checkable="false" checked="false" clickable="false" enabled="true" focusable="false" focused="false" scrollable="false" long-clickable="false" password="false" selected="false" bounds="[981,2025][1036,2028]" /></node></node></node></node></node></node></node></node></hierarchy>