<?xml version='1.0' encoding='UTF-8' standalone='yes' ?><hierarchy rotation="0"><node index="0" text="" resource-id="" class="android.widget.FrameLayout" package="de.hafas.android.cfl" content-desc="" checkable="false" checked="false" clickable="false" enabled="true" focusable="false" focused="false" scrollable="false" long-clickable="false" password="false" selected="false" bounds="[0,0][1080,2028]"><node index="0" text="" resource-id="de.hafas.android.cfl:id/drawer_layout" class="androidx.drawerlayout.widget.DrawerLayout" package="de.hafas.android.cfl" content-desc="" checkable="false" checked="false" clickable="false" enabled="true" focusable="false" focused="false" scrollable="false" long-clickable="false" password="false" selected="false" bounds="[0,0][1080,1231]"><node index="0" text="" resource-id="de.hafas.android.cfl:id/main_container" class="android.widget.LinearLayout" package="de.hafas.android.cfl" content-desc="" checkable="false" checked="false" clickable="false" enabled="true" focusable="false" focused="false" scrollable="false" long-clickable="false" password="false" selected="false" bounds="[0,0][1080,1231]"><node index="0" text="" resource-id="de.hafas.android.cfl:id/toolbar" class="android.view.ViewGroup" package="de.hafas.android.cfl" content-desc="" checkable="false" checked="false" clickable="false" enabled="true" focusable="false" focused="false" scrollable="false" long-clickable="false" password="false" selected="false" bounds="[0,0][1080,231]"><node index="0" text="" resource-id="" class="android.widget.ImageButton" package="de.hafas.android.cfl" content-desc="Navigate up" checkable="false" checked="false" clickable="true" enabled="true" focusable="true" focused="false" scrollable="false" long-clickable="false" password="false" selected="false" bounds="[0,77][154,231]" /><node index="1" text="Enter stop…" resource-id="de.hafas.android.cfl:id/input_location_name" class="android.widget.EditText" package="de.hafas.android.cfl" content-desc="" checkable="false" checked="false" clickable="true" enabled="true" focusable="true" focused="true" scrollable="false" long-clickable="true" password="false" selected="false" bounds="[198,101][937,206]" /><node index="2" text="" resource-id="de.hafas.android.cfl:id/button_location_voice" class="android.widget.ImageButton" package="de.hafas.android.cfl" content-desc="Voice input" checkable="false" checked="false" clickable="true" enabled="true" focusable="true" focused="false" scrollable="false" long-clickable="false" password="false" selected="false" bounds="[937,77][1080,231]" /></node><node index="1" text="" resource-id="de.hafas.android.cfl:id/list_location_results" class="androidx.recyclerview.widget.RecyclerView" package="de.hafas.android.cfl" content-desc="" checkable="false" checked="false" clickable="false" enabled="true" focusable="true" focused="false" scrollable="true" long-clickable="false" password="false" selected="false" bounds="[0,231][1080,1231]"><node index="0" text="" resource-id="" class="android.view.ViewGroup" package="de.hafas.android.cfl" content-desc="Stops nearby" checkable="false" checked="false" clickable="true" enabled="true" focusable="true" focused="false" scrollable="false" long-clickable="false" password="false" selected="false" bounds="[0,231][1080,396]"><node index="0" text="Stops nearby" resource-id="de.hafas.android.cfl:id/text_location_name" class="android.widget.TextView" package="de.hafas.android.cfl" content-desc="" checkable="false" checked="false" clickable="false" enabled="true" focusable="false" focused="false" scrollable="false" long-clickable="false" password="false" selected="false" bounds="[132,271][1058,345]" /></node><node index="1" text="" resource-id="" class="android.view.ViewGroup" package="de.hafas.android.cfl" content-desc="Arlon (Belgium), , Favorite No, departing transports, IC, RB, Bus, , " checkable="false" checked="false" clickable="true" enabled="true" focusable="true" focused="false" scrollable="false" long-clickable="false" password="false" selected="false" bounds="[0,396][1080,561]"><node index="0" text="Arlon (Belgium)" resource-id="de.hafas.android.cfl:id/text_location_name" class="android.widget.TextView" package="de.hafas.android.cfl" content-desc="" checkable="false" checked="false" clickable="false" enabled="true" focusable="false" focused="false" scrollable="false" long-clickable="false" password="false" selected="false" bounds="[132,403][959,477]" /><node index="1" text="" resource-id="de.hafas.android.cfl:id/location_compass_favorite" class="android.widget.LinearLayout" package="de.hafas.android.cfl" content-desc="" checkable="false" checked="false" clickable="false" enabled="true" focusable="false" focused="false" scrollable="false" long-clickable="false" password="false" selected="false" bounds="[981,429][1036,528]"><node index="0" text="" resource-id="de.hafas.android.cfl:id/button_favorite" class="android.widget.ImageButton" package="de.hafas.android.cfl" content-desc="Add as favorite" checkable="false" checked="false" clickable="true" enabled="true" focusable="true" focused="false" scrollable="false" long-clickable="false" password="false" selected="false" bounds="[981,451][1036,506]" /></node></node><node index="2" text="" resource-id="" class="android.view.ViewGroup" package="de.hafas.android.cfl" content-desc="Ettelbruck, , Favorite No, departing transports, IC, RB, RE, , " checkable="false" checked="false" clickable="true" enabled="true" focusable="true" focused="false" scrollable="false" long-clickable="false" password="false" selected="false" bounds="[0,561][1080,726]"><node index="0" text="Ettelbruck" resource-id="de.hafas.android.cfl:id/text_location_name" class="android.widget.TextView" package="de.hafas.android.cfl" content-desc="" checkable="false" checked="false" clickable="false" enabled="true" focusable="false" focused="false" scrollable="false" long-clickable="false" password="false" selected="false" bounds="[132,568][959,642]" /><node index="1" text="" resource-id="de.hafas.android.cfl:id/location_compass_favorite" class="android.widget.LinearLayout" package="de.hafas.android.cfl" content-desc="" checkable="false" checked="false" clickable="false" enabled="true" focusable="false" focused="false" scrollable="false" long-clickable="false" password="false" selected="false" bounds="[981,594][1036,693]"><node index="0" text="" resource-id="de.hafas.android.cfl:id/button_favorite" class="android.widget.ImageButton" package="de.hafas.android.cfl" content-desc="Add as favorite" checkable="false" checked="false" clickable="true" enabled="true" focusable="true" focused="false" scrollable="false" long-clickable="false" password="false" selected="false" bounds="[981,616][1036,671]" /></node></node><node index="3" text="" resource-id="" class="android.view.ViewGroup" package="de.hafas.android.cfl" content-desc="Luxembourg, , Favorite No, departing transports, TGV, IC, RB, RE, TER, Bus, , " checkable="false" checked="false" clickable="true" enabled="true" focusable="true" focused="false" scrollable="false" long-clickable="false" password="false" selected="false" bounds="[0,726][1080,891]"><node index="0" text="Luxembourg" resource-id="de.hafas.android.cfl:id/text_location_name" class="android.widget.TextView" package="de.hafas.android.cfl" content-desc="" checkable="false" checked="false" clickable="false" enabled="true" focusable="false" focused="false" scrollable="false" long-clickable="false" password="false" selected="false" bounds="[132,733][959,807]" /><node index="1" text="" resource-id="de.hafas.android.cfl:id/location_compass_favorite" class="android.widget.LinearLayout" package="de.hafas.android.cfl" content-desc="" checkable="false" checked="false" clickable="false" enabled="true" focusable="false" focused="false" scrollable="false" long-clickable="false" password="false" selected="false" bounds="[981,759][1036,858]"><node index="0" text="" resource-id="de.hafas.android.cfl:id/button_favorite" class="android.widget.ImageButton" package="de.hafas.android.cfl" content-desc="Add as favorite" checkable="false" checked="false" clickable="true" enabled="true" focusable="true" focused="false" scrollable="false" long-clickable="false" password="false" selected="false" bounds="[981,781][1036,836]" /></node></node><node index="4" text="" resource-id="" class="android.view.ViewGroup" package="de.hafas.android.cfl" content-desc="Mersch, , Favorite No, departing transports, IC, RB, RE, , " checkable="false" checked="false" clickable="true" enabled="true" focusable="true" focused="false" scrollable="false" long-clickable="false" password="false" selected="false" bounds="[0,891][1080,1056]"><node index="0" text="Mersch" resource-id="de.hafas.android.cfl:id/text_location_name" class="android.widget.TextView" package="de.hafas.android.cfl" content-desc="" checkable="false" checked="false" clickable="false" enabled="true" focusable="false" focused="false" scrollable="false" long-clickable="false" password="false" selected="false" bounds="[132,898][959,972]" /><node index="1" text="" resource-id="de.hafas.android.cfl:id/location_compass_favorite" class="android.widget.LinearLayout" package="de.hafas.android.cfl" content-desc="" checkable="false" checked="false" clickable="false" enabled="true" focusable="false" focused="false" scrollable="false" long-clickable="false" password="false" selected="false" bounds="[981,924][1036,1023]"><node index="0" text="" resource-id="de.hafas.android.cfl:id/button_favorite" class="android.widget.ImageButton" package="de.hafas.android.cfl" content-desc="Add as favorite" checkable="false" checked="false" clickable="true" enabled="true" focusable="true" focused="false" scrollable="false" long-clickable="false" password="false" selected="false" bounds="[981,946][1036,1001]" /></node></node><node index="5" text="" resource-id="" class="android.view.ViewGroup" package="de.hafas.android.cfl" content-desc="Remich, Caves St. Martin, , Favorite No, departing transports, Bus 341, Bus 342, Bus 411, Bus B04, Bus B08, Bus B09, Bus B27, Bus B28, Bus E08, Bus H06, Bus L04, Bus L05, Bus L07, , " checkable="false" checked="false" clickable="true" enabled="true" focusable="true" focused="false" scrollable="false" long-clickable="false" password="false" selected="false" bounds="[0,1056][1080,1221]"><node index="0" text="Remich, Caves St. Martin" resource-id="de.hafas.android.cfl:id/text_location_name" class="android.widget.TextView" package="de.hafas.android.cfl" content-desc="" checkable="false" checked="false" clickable="false" enabled="true" focusable="false" focused="false" scrollable="false" long-clickable="false" password="false" selected="false" bounds="[132,1063][959,1137]" /><node index="1" text="" resource-id="de.hafas.android.cfl:id/location_compass_favorite" class="android.widget.LinearLayout" package="de.hafas.android.cfl" content-desc="" checkable="false" checked="false" clickable="false" enabled="true" focusable="false" focused="false" scrollable="false" long-clickable="false" password="false" selected="false" bounds="[981,1089][1036,1188]"><node index="0" text="" resource-id="de.hafas.android.cfl:id/button_favorite" class="android.widget.ImageButton" package="de.hafas.android.cfl" content-desc="Add as favorite" checkable="false" checked="false" clickable="true" enabled="true" focusable="true" focused="false" scrollable="false" long-clickable="false" password="false" selected="false" bounds="[981,1111][1036,1166]" /></node></node><node index="6" text="" resource-id="" class="android.view.ViewGroup" package="de.hafas.android.cfl" content-desc="Bruxelles-Midi (Belgium), , Favorite No, departing transports, ECD, ESL, EST, ICE, NJ, TGV, EC, IC, OTC, RE, Bus, , " checkable="false" checked="false" clickable="true" enabled="true" focusable="true" focused="false" scrollable="false" long-clickable="false" password="false" selected="false" bounds="[0,1221][1080,1231]"><node index="0" text="Bruxelles-Midi (Belgium)" resource-id="de.hafas.android.cfl:id/text_location_name" class="android.widget.TextView" package="de.hafas.android.cfl" content-desc="" checkable="false" checked="false" clickable="false" enabled="true" focusable="false" focused="false" scrollable="false" long-clickable="false" password="false" selected="false" bounds="[132,1228][959,1231]" /></node></node></node></node></node></hierarchy>