<?xml version='1.0' encoding='UTF-8' standalone='yes' ?><hierarchy rotation="0"><node index="0" text="" resource-id="" class="android.widget.FrameLayout" package="de.hafas.android.cfl" content-desc="" checkable="false" checked="false" clickable="false" enabled="true" focusable="false" focused="false" scrollable="false" long-clickable="false" password="false" selected="false" bounds="[0,0][1080,2028]"><node index="0" text="" resource-id="de.hafas.android.cfl:id/drawer_layout" class="androidx.drawerlayout.widget.DrawerLayout" package="de.hafas.android.cfl" content-desc="" checkable="false" checked="false" clickable="false" enabled="true" focusable="false" focused="false" scrollable="false" long-clickable="false" password="false" selected="false" bounds="[0,0][1080,2028]"><node index="0" text="" resource-id="de.hafas.android.cfl:id/main_container" class="android.widget.LinearLayout" package="de.hafas.android.cfl" content-desc="" checkable="false" checked="false" clickable="false" enabled="true" focusable="false" focused="false" scrollable="false" long-clickable="false" password="false" selected="false" bounds="[0,0][1080,2028]"><node index="0" text="" resource-id="de.hafas.android.cfl:id/toolbar" class="android.view.ViewGroup" package="de.hafas.android.cfl" content-desc="" checkable="false" checked="false" clickable="false" enabled="true" focusable="false" focused="false" scrollable="false" long-clickable="false" password="false" selected="false" bounds="[0,0][1080,231]"><node index="0" text="" resource-id="" class="android.widget.ImageButton" package="de.hafas.android.cfl" content-desc="Show navigation drawer" checkable="false" checked="false" clickable="true" enabled="true" focusable="true" focused="false" scrollable="false" long-clickable="false" password="false" selected="false" bounds="[0,77][154,231]" /><node index="1" text="Trip Planner" resource-id="" class="android.widget.TextView" package="de.hafas.android.cfl" content-desc="" checkable="false" checked="false" clickable="false" enabled="true" focusable="false" focused="false" scrollable="false" long-clickable="false" password="false" selected="false" bounds="[198,117][498,191]" /><node index="2" text="" resource-id="" class="android.widget.ImageView" package="de.hafas.android.cfl" content-desc="More options" checkable="false" checked="false" clickable="true" enabled="true" focusable="true" focused="false" scrollable="false" long-clickable="true" password="false" selected="false" bounds="[969,88][1080,220]" /></node><node index="1" text="" resource-id="de.hafas.android.cfl:id/request_screen_container" class="android.widget.LinearLayout" package="de.hafas.android.cfl" content-desc="" checkable="false" checked="false" clickable="false" enabled="true" focusable="true" focused="false" scrollable="false" long-clickable="false" password="false" selected="false" bounds="[0,231][1080,2028]"><node index="0" text="" resource-id="" class="android.view.View" package="de.hafas.android.cfl" content-desc="Trip from: Ettelbruck" checkable="false" checked="false" clickable="true" enabled="true" focusable="true" focused="false" scrollable="false" long-clickable="false" password="false" selected="true" bounds="[132,264][937,396]" /><node index="1" text="" resource-id="de.hafas.android.cfl:id/button_current_position" class="android.widget.ImageButton" package="de.hafas.android.cfl" content-desc="Set current position as start" checkable="false" checked="false" clickable="true" enabled="true" focusable="true" focused="false" scrollable="false" long-clickable="false" password="false" selected="false" bounds="[937,264][1080,396]" /><node index="2" text="" resource-id="" class="android.view.View" package="de.hafas.android.cfl" content-desc="Trip to: Arlon (Belgium)" checkable="false" checked="false" clickable="true" enabled="true" focusable="true" focused="false" scrollable="false" long-clickable="false" password="false" selected="false" bounds="[132,407][937,539]" /><node index="3" text="" resource-id="de.hafas.android.cfl:id/button_switch_direction" class="android.widget.ImageButton" package="de.hafas.android.cfl" content-desc="Switch start and destination" checkable="false" checked="false" clickable="true" enabled="true" focusable="true" focused="false" scrollable="false" long-clickable="false" password="false" selected="false" bounds="[937,407][1080,539]" /><node index="4" text="" resource-id="de.hafas.android.cfl:id/button_datetime" class="android.view.ViewGroup" package="de.hafas.android.cfl" content-desc="Searching for departure.   Search time: now" checkable="false" checked="false" clickable="true" enabled="true" focusable="true" focused="false" scrollable="false" long-clickable="false" password="false" selected="false" bounds="[44,539][898,671]"><node index="0" text="Dep   now" resource-id="de.hafas.android.cfl:id/datetime_text" class="android.widget.TextView" package="de.hafas.android.cfl" content-desc="" checkable="false" checked="false" clickable="false" enabled="true" focusable="false" focused="false" scrollable="false" long-clickable="false" password="false" selected="false" bounds="[44,579][216,632]" /></node><node index="5" text="" resource-id="de.hafas.android.cfl:id/button_options" class="android.widget.Button" package="de.hafas.android.cfl" content-desc="Extended search options" checkable="false" checked="false" clickable="true" enabled="true" focusable="true" focused="false" scrollable="false" long-clickable="false" password="false" selected="false" bounds="[915,539][1080,671]" /><node index="6" text="SEARCH" resource-id="de.hafas.android.cfl:id/button_search_default" class="android.widget.Button" package="de.hafas.android.cfl" content-desc="" checkable="false" checked="false" clickable="true" enabled="true" focusable="true" focused="false" scrollable="false" long-clickable="false" password="false" selected="false" bounds="[44,671][1036,770]" /><node index="7" text="" resource-id="de.hafas.android.cfl:id/tabs" class="android.widget.HorizontalScrollView" package="de.hafas.android.cfl" content-desc="" checkable="false" checked="false" clickable="false" enabled="true" focusable="true" focused="false" scrollable="false" long-clickable="false" password="false" selected="false" bounds="[0,814][1080,946]"><node index="0" text="" resource-id="" class="android.widget.LinearLayout" package="de.hafas.android.cfl" content-desc="Locations" checkable="false" checked="false" clickable="false" enabled="true" focusable="true" focused="false" scrollable="false" long-clickable="false" password="false" selected="true" bounds="[0,814][360,946]"><node index="0" text="LOCATIONS" resource-id="" class="android.widget.TextView" package="de.hafas.android.cfl" content-desc="" checkable="false" checked="false" clickable="false" enabled="true" focusable="false" focused="false" scrollable="false" long-clickable="false" password="false" selected="true" bounds="[59,853][300,906]" /></node><node index="1" text="" resource-id="" class="android.widget.LinearLayout" package="de.hafas.android.cfl" content-desc="Trips" checkable="false" checked="false" clickable="true" enabled="true" focusable="true" focused="false" scrollable="false" long-clickable="false" password="false" selected="false" bounds="[360,814][720,946]"><node index="0" text="TRIPS" resource-id="" class="android.widget.TextView" package="de.hafas.android.cfl" content-desc="" checkable="false" checked="false" clickable="false" enabled="true" focusable="false" focused="false" scrollable="false" long-clickable="false" password="false" selected="false" bounds="[476,853][603,906]" /></node><node index="2" text="" resource-id="" class="android.widget.LinearLayout" package="de.hafas.android.cfl" content-desc="Map" checkable="false" checked="false" clickable="true" enabled="true" focusable="true" focused="false" scrollable="false" long-clickable="false" password="false" selected="false" bounds="[720,814][1080,946]"><node index="0" text="MAP" resource-id="" class="android.widget.TextView" package="de.hafas.android.cfl" content-desc="" checkable="false" checked="false" clickable="false" enabled="true" focusable="false" focused="false" scrollable="false" long-clickable="false" password="false" selected="false" bounds="[852,853][948,906]" /></node></node><node index="8" text="" resource-id="de.hafas.android.cfl:id/tabhost_history" class="androidx.viewpager.widget.ViewPager" package="de.hafas.android.cfl" content-desc="" checkable="false" checked="false" clickable="false" enabled="true" focusable="false" focused="false" scrollable="false" long-clickable="false" password="false" selected="false" bounds="[0,946][1080,2028]"><node index="0" text="" resource-id="de.hafas.android.cfl:id/history_recycler_view" class="androidx.recyclerview.widget.RecyclerView" package="de.hafas.android.cfl" content-desc="" checkable="false" checked="false" clickable="false" enabled="true" focusable="true" focused="false" scrollable="true" long-clickable="false" password="false" selected="false" bounds="[0,946][1080,2028]"><node index="0" text="" resource-id="" class="android.widget.LinearLayout" package="de.hafas.android.cfl" content-desc="Home Define address" checkable="false" checked="false" clickable="true" enabled="true" focusable="true" focused="false" scrollable="false" long-clickable="true" password="false" selected="false" bounds="[22,946][367,1100]" /><node index="1" text="" resource-id="" class="android.widget.LinearLayout" package="de.hafas.android.cfl" content-desc="Work Define address" checkable="false" checked="false" clickable="true" enabled="true" focusable="true" focused="false" scrollable="false" long-clickable="true" password="false" selected="false" bounds="[367,946][712,1100]" /><node index="2" text="" resource-id="" class="android.widget.LinearLayout" package="de.hafas.android.cfl" content-desc="Add new address" checkable="false" checked="false" clickable="true" enabled="true" focusable="true" focused="false" scrollable="false" long-clickable="true" password="false" selected="false" bounds="[712,946][1058,1100]" /><node index="3" text="" resource-id="de.hafas.android.cfl:id/view_history_location" class="android.view.ViewGroup" package="de.hafas.android.cfl" content-desc="" checkable="false" checked="false" clickable="true" enabled="true" focusable="true" focused="false" scrollable="false" long-clickable="true" password="false" selected="false" bounds="[0,1103][1080,1268]"><node index="0" text="" resource-id="de.hafas.android.cfl:id/location_cell_view" class="android.view.ViewGroup" package="de.hafas.android.cfl" content-desc="Arlon (Belgium), , Favorite No, departing transports, IC, RB, Bus, , " checkable="false" checked="false" clickable="false" enabled="true" focusable="false" focused="false" scrollable="false" long-clickable="false" password="false" selected="false" bounds="[0,1103][1080,1268]"><node index="0" text="Arlon (Belgium)" resource-id="de.hafas.android.cfl:id/text_location_name" class="android.widget.TextView" package="de.hafas.android.cfl" content-desc="" checkable="false" checked="false" clickable="false" enabled="true" focusable="false" focused="false" scrollable="false" long-clickable="false" password="false" selected="false" bounds="[132,1110][959,1184]" /><node index="1" text="" resource-id="de.hafas.android.cfl:id/location_compass_favorite" class="android.widget.LinearLayout" package="de.hafas.android.cfl" content-desc="" checkable="false" checked="false" clickable="false" enabled="true" focusable="false" focused="false" scrollable="false" long-clickable="false" password="false" selected="false" bounds="[981,1136][1036,1235]"><node index="0" text="" resource-id="de.hafas.android.cfl:id/button_favorite" class="android.widget.ImageButton" package="de.hafas.android.cfl" content-desc="Add as favorite" checkable="false" checked="false" clickable="true" enabled="true" focusable="true" focused="false" scrollable="false" long-clickable="false" password="false" selected="false" bounds="[981,1158][1036,1213]" /></node></node></node><node index="4" text="" resource-id="de.hafas.android.cfl:id/view_history_location" class="android.view.ViewGroup" package="de.hafas.android.cfl" content-desc="" checkable="false" checked="false" clickable="true" enabled="true" focusable="true" focused="false" scrollable="false" long-clickable="true" password="false" selected="false" bounds="[0,1268][1080,1433]"><node index="0" text="" resource-id="de.hafas.android.cfl:id/location_cell_view" class="android.view.ViewGroup" package="de.hafas.android.cfl" content-desc="Ettelbruck, , Favorite No, departing transports, IC, RB, RE, , " checkable="false" checked="false" clickable="false" enabled="true" focusable="false" focused="false" scrollable="false" long-clickable="false" password="false" selected="false" bounds="[0,1268][1080,1433]"><node index="0" text="Ettelbruck" resource-id="de.hafas.android.cfl:id/text_location_name" class="android.widget.TextView" package="de.hafas.android.cfl" content-desc="" checkable="false" checked="false" clickable="false" enabled="true" focusable="false" focused="false" scrollable="false" long-clickable="false" password="false" selected="false" bounds="[132,1275][959,1349]" /><node index="1" text="" resource-id="de.hafas.android.cfl:id/location_compass_favorite" class="android.widget.LinearLayout" package="de.hafas.android.cfl" content-desc="" checkable="false" checked="false" clickable="false" enabled="true" focusable="false" focused="false" scrollable="false" long-clickable="false" password="false" selected="false" bounds="[981,1301][1036,1400]"><node index="0" text="" resource-id="de.hafas.android.cfl:id/button_favorite" class="android.widget.ImageButton" package="de.hafas.android.cfl" content-desc="Add as favorite" checkable="false" checked="false" clickable="true" enabled="true" focusable="true" focused="false" scrollable="false" long-clickable="false" password="false" selected="false" bounds="[981,1323][1036,1378]" /></node></node></node><node index="5" text="" resource-id="de.hafas.android.cfl:id/view_history_location" class="android.view.ViewGroup" package="de.hafas.android.cfl" content-desc="" checkable="false" checked="false" clickable="true" enabled="true" focusable="true" focused="false" scrollable="false" long-clickable="true" password="false" selected="false" bounds="[0,1433][1080,1598]"><node index="0" text="" resource-id="de.hafas.android.cfl:id/location_cell_view" class="android.view.ViewGroup" package="de.hafas.android.cfl" content-desc="Luxembourg, , Favorite No, departing transports, TGV, IC, RB, RE, TER, Bus, , " checkable="false" checked="false" clickable="false" enabled="true" focusable="false" focused="false" scrollable="false" long-clickable="false" password="false" selected="false" bounds="[0,1433][1080,1598]"><node index="0" text="Luxembourg" resource-id="de.hafas.android.cfl:id/text_location_name" class="android.widget.TextView" package="de.hafas.android.cfl" content-desc="" checkable="false" checked="false" clickable="false" enabled="true" focusable="false" focused="false" scrollable="false" long-clickable="false" password="false" selected="false" bounds="[132,1440][959,1514]" /><node index="1" text="" resource-id="de.hafas.android.cfl:id/location_compass_favorite" class="android.widget.LinearLayout" package="de.hafas.android.cfl" content-desc="" checkable="false" checked="false" clickable="false" enabled="true" focusable="false" focused="false" scrollable="false" long-clickable="false" password="false" selected="false" bounds="[981,1466][1036,1565]"><node index="0" text="" resource-id="de.hafas.android.cfl:id/button_favorite" class="android.widget.ImageButton" package="de.hafas.android.cfl" content-desc="Add as favorite" checkable="false" checked="false" clickable="true" enabled="true" focusable="true" focused="false" scrollable="false" long-clickable="false" password="false" selected="false" bounds="[981,1488][1036,1543]" /></node></node></node><node index="6" text="" resource-id="de.hafas.android.cfl:id/view_history_location" class="android.view.ViewGroup" package="de.hafas.android.cfl" content-desc="" checkable="false" checked="false" clickable="true" enabled="true" focusable="true" focused="false" scrollable="false" long-clickable="true" password="false" selected="false" bounds="[0,1598][1080,1763]"><node index="0" text="" resource-id="de.hafas.android.cfl:id/location_cell_view" class="android.view.ViewGroup" package="de.hafas.android.cfl" content-desc="Mersch, , Favorite No, departing transports, IC, RB, RE, , " checkable="false" checked="false" clickable="false" enabled="true" focusable="false" focused="false" scrollable="false" long-clickable="false" password="false" selected="false" bounds="[0,1598][1080,1763]"><node index="0" text="Mersch" resource-id="de.hafas.android.cfl:id/text_location_name" class="android.widget.TextView" package="de.hafas.android.cfl" content-desc="" checkable="false" checked="false" clickable="false" enabled="true" focusable="false" focused="false" scrollable="false" long-clickable="false" password="false" selected="false" bounds="[132,1605][959,1679]" /><node index="1" text="" resource-id="de.hafas.android.cfl:id/location_compass_favorite" class="android.widget.LinearLayout" package="de.hafas.android.cfl" content-desc="" checkable="false" checked="false" clickable="false" enabled="true" focusable="false" focused="false" scrollable="false" long-clickable="false" password="false" selected="false" bounds="[981,1631][1036,1730]"><node index="0" text="" resource-id="de.hafas.android.cfl:id/button_favorite" class="android.widget.ImageButton" package="de.hafas.android.cfl" content-desc="Add as favorite" checkable="false" checked="false" clickable="true" enabled="true" focusable="true" focused="false" scrollable="false" long-clickable="false" password="false" selected="false" bounds="[981,1653][1036,1708]" /></node></node></node><node index="7" text="" resource-id="de.hafas.android.cfl:id/view_history_location" class="android.view.ViewGroup" package="de.hafas.android.cfl" content-desc="" checkable="false" checked="false" clickable="true" enabled="true" focusable="true" focused="false" scrollable="false" long-clickable="true" password="false" selected="false" bounds="[0,1763][1080,1928]"><node index="0" text="" resource-id="de.hafas.android.cfl:id/location_cell_view" class="android.view.ViewGroup" package="de.hafas.android.cfl" content-desc="Remich, Caves St. Martin, , Favorite No, departing transports, Bus 341, Bus 342, Bus 411, Bus B04, Bus B08, Bus B09, Bus B27, Bus B28, Bus E08, Bus H06, Bus L04, Bus L05, Bus L07, , " checkable="false" checked="false" clickable="false" enabled="true" focusable="false" focused="false" scrollable="false" long-clickable="false" password="false" selected="false" bounds="[0,1763][1080,1928]"><node index="0" text="Remich, Caves St. Martin" resource-id="de.hafas.android.cfl:id/text_location_name" class="android.widget.TextView" package="de.hafas.android.cfl" content-desc="" checkable="false" checked="false" clickable="false" enabled="true" focusable="false" focused="false" scrollable="false" long-clickable="false" password="false" selected="false" bounds="[132,1770][959,1844]" /><node index="1" text="" resource-id="de.hafas.android.cfl:id/location_compass_favorite" class="android.widget.LinearLayout" package="de.hafas.android.cfl" content-desc="" checkable="false" checked="false" clickable="false" enabled="true" focusable="false" focused="false" scrollable="false" long-clickable="false" password="false" selected="false" bounds="[981,1796][1036,1895]"><node index="0" text="" resource-id="de.hafas.android.cfl:id/button_favorite" class="android.widget.ImageButton" package="de.hafas.android.cfl" content-desc="Add as favorite" checkable="false" checked="false" clickable="true" enabled="true" focusable="true" focused="false" scrollable="false" long-clickable="false" password="false" selected="false" bounds="[981,1818][1036,1873]" /></node></node></node><node index="8" text="" resource-id="de.hafas.android.cfl:id/view_history_location" class="android.view.ViewGroup" package="de.hafas.android.cfl" content-desc="" checkable="false" checked="false" clickable="true" enabled="true" focusable="true" focused="false" scrollable="false" long-clickable="true" password="false" selected="false" bounds="[0,1928][1080,2028]"><node index="0" text="" resource-id="de.hafas.android.cfl:id/location_cell_view" class="android.view.ViewGroup" package="de.hafas.android.cfl" content-desc="Bruxelles-Midi (Belgium), , Favorite No, departing transports, ECD, ESL, EST, ICE, NJ, TGV, EC, IC, OTC, RE, Bus, , " checkable="false" checked="false" clickable="false" enabled="true" focusable="false" focused="false" scrollable="false" long-clickable="false" password="false" selected="false" bounds="[0,1928][1080,2028]"><node index="0" text="Bruxelles-Midi (Belgium)" resource-id="de.hafas.android.cfl:id/text_location_name" class="android.widget.TextView" package="de.hafas.android.cfl" content-desc="" checkable="false" checked="false" clickable="false" enabled="true" focusable="false" focused="false" scrollable="false" long-clickable="false" password="false" selected="false" bounds="[132,1935][959,2009]" /><node index="1" text="" resource-id="de.hafas.android.cfl:id/location_compass_favorite" class="android.widget.LinearLayout" package="de.hafas.android.cfl" content-desc="" checkable="false" checked="false" clickable="false" enabled="true" focusable="false" focused="false" scrollable="false" long-clickable="false" password="false" selected="false" bounds="[981,1961][1036,2028]"><node index="0" text="" resource-id="de.hafas.android.cfl:id/button_favorite" class="android.widget.ImageButton" package="de.hafas.android.cfl" content-desc="Add as favorite" checkable="false" checked="false" clickable="true" enabled="true" focusable="true" focused="false" scrollable="false" long-clickable="false" password="false" selected="false" bounds="[981,1983][1036,2028]" /></node></node></node></node></node></node></node></node></node></hierarchy>