<?xml version='1.0' encoding='UTF-8' standalone='yes' ?><hierarchy rotation="0"><node index="0" text="" resource-id="" class="android.widget.FrameLayout" package="de.hafas.android.cfl" content-desc="" checkable="false" checked="false" clickable="false" enabled="true" focusable="false" focused="false" scrollable="false" long-clickable="false" password="false" selected="false" bounds="[0,0][1080,2028]"><node index="0" text="" resource-id="de.hafas.android.cfl:id/drawer_layout" class="androidx.drawerlayout.widget.DrawerLayout" package="de.hafas.android.cfl" content-desc="" checkable="false" checked="false" clickable="false" enabled="true" focusable="false" focused="false" scrollable="false" long-clickable="false" password="false" selected="false" bounds="[0,0][1080,2028]"><node index="0" text="" resource-id="de.hafas.android.cfl:id/left_drawer" class="android.widget.LinearLayout" package="de.hafas.android.cfl" content-desc="" checkable="false" checked="false" clickable="false" enabled="true" focusable="false" focused="false" scrollable="false" long-clickable="false" password="false" selected="false" bounds="[0,0][847,2028]"><node index="0" text="" resource-id="de.hafas.android.cfl:id/drawer_list" class="androidx.recyclerview.widget.RecyclerView" package="de.hafas.android.cfl" content-desc="" checkable="false" checked="false" clickable="false" enabled="true" focusable="true" focused="false" scrollable="true" long-clickable="false" password="false" selected="false" bounds="[0,0][847,2028]"><node index="0" text="" resource-id="" class="android.widget.FrameLayout" package="de.hafas.android.cfl" content-desc="" checkable="false" checked="false" clickable="false" enabled="true" focusable="false" focused="false" scrollable="false" long-clickable="false" password="false" selected="false" bounds="[0,0][847,479]" /><node index="1" text="" resource-id="" class="android.widget.RelativeLayout" package="de.hafas.android.cfl" content-desc="" checkable="false" checked="false" clickable="true" enabled="true" focusable="true" focused="false" scrollable="false" long-clickable="false" password="false" selected="false" bounds="[0,479][847,611]"><node index="0" text="Home" resource-id="de.hafas.android.cfl:id/drawer_item_text" class="android.widget.TextView" package="de.hafas.android.cfl" content-desc="" checkable="false" checked="false" clickable="false" enabled="true" focusable="false" focused="false" scrollable="false" long-clickable="false" password="false" selected="false" bounds="[165,518][836,571]" /></node><node index="2" text="" resource-id="" class="android.widget.RelativeLayout" package="de.hafas.android.cfl" content-desc="" checkable="false" checked="false" clickable="false" enabled="true" focusable="false" focused="false" scrollable="false" long-clickable="false" password="false" selected="false" bounds="[0,611][847,658]" /><node index="3" text="" resource-id="" class="android.widget.RelativeLayout" package="de.hafas.android.cfl" content-desc="" checkable="false" checked="false" clickable="true" enabled="true" focusable="true" focused="false" scrollable="false" long-clickable="false" password="false" selected="false" bounds="[0,658][847,790]"><node index="0" text="Trip Planner" resource-id="de.hafas.android.cfl:id/drawer_item_text" class="android.widget.TextView" package="de.hafas.android.cfl" content-desc="" checkable="false" checked="false" clickable="false" enabled="true" focusable="false" focused="false" scrollable="false" long-clickable="false" password="false" selected="false" bounds="[165,697][836,750]" /></node><node index="4" text="" resource-id="" class="android.widget.RelativeLayout" package="de.hafas.android.cfl" content-desc="" checkable="false" checked="false" clickable="true" enabled="true" focusable="true" focused="false" scrollable="false" long-clickable="false" password="false" selected="false" bounds="[0,790][847,922]"><node index="0" text="Departures" resource-id="de.hafas.android.cfl:id/drawer_item_text" class="android.widget.TextView" package="de.hafas.android.cfl" content-desc="" checkable="false" checked="false" clickable="false" enabled="true" focusable="false" focused="false" scrollable="false" long-clickable="false" password="false" selected="false" bounds="[165,829][836,882]" /></node><node index="5" text="" resource-id="" class="android.widget.RelativeLayout" package="de.hafas.android.cfl" content-desc="" checkable="false" checked="false" clickable="true" enabled="true" focusable="true" focused="false" scrollable="false" long-clickable="false" password="false" selected="false" bounds="[0,922][847,1054]"><node index="0" text="My Trips" resource-id="de.hafas.android.cfl:id/drawer_item_text" class="android.widget.TextView" package="de.hafas.android.cfl" content-desc="" checkable="false" checked="false" clickable="false" enabled="true" focusable="false" focused="false" scrollable="false" long-clickable="false" password="false" selected="false" bounds="[165,961][836,1014]" /></node><node index="6" text="" resource-id="" class="android.widget.RelativeLayout" package="de.hafas.android.cfl" content-desc="" checkable="false" checked="false" clickable="true" enabled="true" focusable="true" focused="false" scrollable="false" long-clickable="false" password="false" selected="false" bounds="[0,1054][847,1186]"><node index="0" text="Map" resource-id="de.hafas.android.cfl:id/drawer_item_text" class="android.widget.TextView" package="de.hafas.android.cfl" content-desc="" checkable="false" checked="false" clickable="false" enabled="true" focusable="false" focused="false" scrollable="false" long-clickable="false" password="false" selected="false" bounds="[165,1093][836,1146]" /></node><node index="7" text="" resource-id="" class="android.widget.RelativeLayout" package="de.hafas.android.cfl" content-desc="" checkable="false" checked="false" clickable="true" enabled="true" focusable="true" focused="false" scrollable="false" long-clickable="false" password="false" selected="false" bounds="[0,1186][847,1318]"><node index="0" text="Tickets" resource-id="de.hafas.android.cfl:id/drawer_item_text" class="android.widget.TextView" package="de.hafas.android.cfl" content-desc="" checkable="false" checked="false" clickable="false" enabled="true" focusable="false" focused="false" scrollable="false" long-clickable="false" password="false" selected="false" bounds="[165,1225][836,1278]" /></node><node index="8" text="" resource-id="" class="android.widget.RelativeLayout" package="de.hafas.android.cfl" content-desc="" checkable="false" checked="false" clickable="false" enabled="true" focusable="false" focused="false" scrollable="false" long-clickable="false" password="false" selected="false" bounds="[0,1318][847,1365]" /><node index="9" text="" resource-id="" class="android.widget.RelativeLayout" package="de.hafas.android.cfl" content-desc="" checkable="false" checked="false" clickable="true" enabled="true" focusable="true" focused="false" scrollable="false" long-clickable="false" password="false" selected="false" bounds="[0,1365][847,1497]"><node index="0" text="Infos CFL" resource-id="de.hafas.android.cfl:id/drawer_item_text" class="android.widget.TextView" package="de.hafas.android.cfl" content-desc="" checkable="false" checked="false" clickable="false" enabled="true" focusable="false" focused="false" scrollable="false" long-clickable="false" password="false" selected="false" bounds="[165,1404][836,1457]" /></node><node index="10" text="" resource-id="" class="android.widget.RelativeLayout" package="de.hafas.android.cfl" content-desc="" checkable="false" checked="false" clickable="true" enabled="true" focusable="true" focused="false" scrollable="false" long-clickable="false" password="false" selected="false" bounds="[0,1497][847,1629]"><node index="0" text="Works" resource-id="de.hafas.android.cfl:id/drawer_item_text" class="android.widget.TextView" package="de.hafas.android.cfl" content-desc="" checkable="false" checked="false" clickable="false" enabled="true" focusable="false" focused="false" scrollable="false" long-clickable="false" password="false" selected="false" bounds="[165,1536][836,1589]" /></node><node index="11" text="" resource-id="" class="android.widget.RelativeLayout" package="de.hafas.android.cfl" content-desc="" checkable="false" checked="false" clickable="true" enabled="true" focusable="true" focused="false" scrollable="false" long-clickable="false" password="false" selected="false" bounds="[0,1629][847,1761]"><node index="0" text="Alarms" resource-id="de.hafas.android.cfl:id/drawer_item_text" class="android.widget.TextView" package="de.hafas.android.cfl" content-desc="" checkable="false" checked="false" clickable="false" enabled="true" focusable="false" focused="false" scrollable="false" long-clickable="false" password="false" selected="false" bounds="[165,1668][836,1721]" /></node><node index="12" text="" resource-id="" class="android.widget.RelativeLayout" package="de.hafas.android.cfl" content-desc="" checkable="false" checked="false" clickable="false" enabled="true" focusable="false" focused="false" scrollable="false" long-clickable="false" password="false" selected="false" bounds="[0,1761][847,1808]" /><node index="13" text="" resource-id="" class="android.widget.RelativeLayout" package="de.hafas.android.cfl" content-desc="" checkable="false" checked="false" clickable="true" enabled="true" focusable="true" focused="false" scrollable="false" long-clickable="false" password="false" selected="false" bounds="[0,1808][847,1940]"><node index="0" text="Settings" resource-id="de.hafas.android.cfl:id/drawer_item_text" class="android.widget.TextView" package="de.hafas.android.cfl" content-desc="" checkable="false" checked="false" clickable="false" enabled="true" focusable="false" focused="false" scrollable="false" long-clickable="false" password="false" selected="false" bounds="[165,1847][836,1900]" /></node><node index="14" text="" resource-id="" class="android.widget.RelativeLayout" package="de.hafas.android.cfl" content-desc="" checkable="false" checked="false" clickable="true" enabled="true" focusable="true" focused="false" scrollable="false" long-clickable="false" password="false" selected="false" bounds="[0,1940][847,2028]"><node index="0" text="Information" resource-id="de.hafas.android.cfl:id/drawer_item_text" class="android.widget.TextView" package="de.hafas.android.cfl" content-desc="" checkable="false" checked="false" clickable="false" enabled="true" focusable="false" focused="false" scrollable="false" long-clickable="false" password="false" selected="false" bounds="[165,1979][836,2028]" /></node></node></node></node></node></hierarchy>