<?xml version='1.0' encoding='UTF-8' standalone='yes' ?><hierarchy rotation="0"><node index="0" text="" resource-id="" class="android.widget.FrameLayout" package="lu.cfl.cflgo.qual" content-desc="" checkable="false" checked="false" clickable="false" enabled="true" focusable="false" focused="false" scrollable="false" long-clickable="false" password="false" selected="false" bounds="[100,464][980,1641]"><node index="0" text="" resource-id="android:id/time_header" class="android.widget.RelativeLayout" package="lu.cfl.cflgo.qual" content-desc="" checkable="false" checked="false" clickable="false" enabled="true" focusable="false" focused="false" scrollable="false" long-clickable="false" password="false" selected="false" bounds="[144,508][936,783]"><node index="0" text="12" resource-id="android:id/hours" class="android.widget.TextView" package="lu.cfl.cflgo.qual" content-desc="" checkable="false" checked="false" clickable="true" enabled="true" focusable="true" focused="false" scrollable="false" long-clickable="false" password="false" selected="false" bounds="[328,530][514,750]" /><node index="1" text="10" resource-id="android:id/minutes" class="android.widget.TextView" package="lu.cfl.cflgo.qual" content-desc="" checkable="false" checked="false" clickable="true" enabled="true" focusable="true" focused="false" scrollable="false" long-clickable="false" password="false" selected="false" bounds="[566,530][752,750]" /><node index="2" text="" resource-id="android:id/ampm_layout" class="android.widget.RadioGroup" package="lu.cfl.cflgo.qual" content-desc="" checkable="false" checked="false" clickable="false" enabled="true" focusable="false" focused="false" scrollable="false" long-clickable="false" password="false" selected="false" bounds="[774,568][841,738]"><node index="0" text="AM" resource-id="android:id/am_label" class="android.widget.RadioButton" package="lu.cfl.cflgo.qual" content-desc="" checkable="true" checked="false" clickable="true" enabled="true" focusable="true" focused="false" scrollable="false" long-clickable="false" password="false" selected="false" bounds="[774,568][841,664]" /><node index="1" text="PM" resource-id="android:id/pm_label" class="android.widget.RadioButton" package="lu.cfl.cflgo.qual" content-desc="" checkable="true" checked="true" clickable="true" enabled="true" focusable="true" focused="false" scrollable="false" long-clickable="false" password="false" selected="false" bounds="[774,642][840,738]" /></node></node><node index="1" text="" resource-id="android:id/radial_picker" class="android.view.View" package="lu.cfl.cflgo.qual" content-desc="" checkable="false" checked="false" clickable="false" enabled="true" focusable="false" focused="false" scrollable="false" long-clickable="false" password="false" selected="false" bounds="[188,827][892,1443]"><node index="0" text="" resource-id="" class="android.widget.RadialTimePickerView$RadialPickerTouchHelper" package="lu.cfl.cflgo.qual" content-desc="1" checkable="false" checked="false" clickable="false" enabled="true" focusable="false" focused="false" scrollable="false" long-clickable="false" password="false" selected="false" bounds="[608,866][718,976]" /><node index="1" text="" resource-id="" class="android.widget.RadialTimePickerView$RadialPickerTouchHelper" package="lu.cfl.cflgo.qual" content-desc="2" checkable="false" checked="false" clickable="false" enabled="true" focusable="false" focused="false" scrollable="false" long-clickable="false" password="false" selected="false" bounds="[698,956][808,1066]" /><node index="2" text="" resource-id="" class="android.widget.RadialTimePickerView$RadialPickerTouchHelper" package="lu.cfl.cflgo.qual" content-desc="3" checkable="false" checked="false" clickable="false" enabled="true" focusable="false" focused="false" scrollable="false" long-clickable="false" password="false" selected="false" bounds="[732,1080][842,1190]" /><node index="3" text="" resource-id="" class="android.widget.RadialTimePickerView$RadialPickerTouchHelper" package="lu.cfl.cflgo.qual" content-desc="4" checkable="false" checked="false" clickable="false" enabled="true" focusable="false" focused="false" scrollable="false" long-clickable="false" password="false" selected="false" bounds="[698,1203][808,1313]" /><node index="4" text="" resource-id="" class="android.widget.RadialTimePickerView$RadialPickerTouchHelper" package="lu.cfl.cflgo.qual" content-desc="5" checkable="false" checked="false" clickable="false" enabled="true" focusable="false" focused="false" scrollable="false" long-clickable="false" password="false" selected="false" bounds="[608,1293][718,1403]" /><node index="5" text="" resource-id="" class="android.widget.RadialTimePickerView$RadialPickerTouchHelper" package="lu.cfl.cflgo.qual" content-desc="6" checkable="false" checked="false" clickable="false" enabled="true" focusable="false" focused="false" scrollable="false" long-clickable="false" password="false" selected="false" bounds="[485,1327][595,1437]" /><node index="6" text="" resource-id="" class="android.widget.RadialTimePickerView$RadialPickerTouchHelper" package="lu.cfl.cflgo.qual" content-desc="7" checkable="false" checked="false" clickable="false" enabled="true" focusable="false" focused="false" scrollable="false" long-clickable="false" password="false" selected="false" bounds="[361,1293][471,1403]" /><node index="7" text="" resource-id="" class="android.widget.RadialTimePickerView$RadialPickerTouchHelper" package="lu.cfl.cflgo.qual" content-desc="8" checkable="false" checked="false" clickable="false" enabled="true" focusable="false" focused="false" scrollable="false" long-clickable="false" password="false" selected="false" bounds="[271,1203][381,1313]" /><node index="8" text="" resource-id="" class="android.widget.RadialTimePickerView$RadialPickerTouchHelper" package="lu.cfl.cflgo.qual" content-desc="9" checkable="false" checked="false" clickable="false" enabled="true" focusable="false" focused="false" scrollable="false" long-clickable="false" password="false" selected="false" bounds="[238,1080][348,1190]" /><node index="9" text="" resource-id="" class="android.widget.RadialTimePickerView$RadialPickerTouchHelper" package="lu.cfl.cflgo.qual" content-desc="10" checkable="false" checked="false" clickable="false" enabled="true" focusable="false" focused="false" scrollable="false" long-clickable="false" password="false" selected="false" bounds="[271,956][381,1066]" /><node index="10" text="" resource-id="" class="android.widget.RadialTimePickerView$RadialPickerTouchHelper" package="lu.cfl.cflgo.qual" content-desc="11" checkable="false" checked="false" clickable="false" enabled="true" focusable="false" focused="false" scrollable="false" long-clickable="false" password="false" selected="false" bounds="[361,866][471,976]" /><node index="11" text="" resource-id="" class="android.widget.RadialTimePickerView$RadialPickerTouchHelper" package="lu.cfl.cflgo.qual" content-desc="12" checkable="false" checked="false" clickable="false" enabled="true" focusable="false" focused="false" scrollable="false" long-clickable="false" password="false" selected="true" bounds="[485,833][595,943]" /></node><node index="2" text="" resource-id="android:id/toggle_mode" class="android.widget.ImageButton" package="lu.cfl.cflgo.qual" content-desc="Switch to text input mode for the time input." checkable="false" checked="false" clickable="true" enabled="true" focusable="true" focused="false" scrollable="false" long-clickable="false" password="false" selected="false" bounds="[177,1454][309,1586]" /><node index="3" text="" resource-id="android:id/buttonPanel" class="android.widget.ScrollView" package="lu.cfl.cflgo.qual" content-desc="" checkable="false" checked="false" clickable="false" enabled="true" focusable="true" focused="false" scrollable="false" long-clickable="false" password="false" selected="false" bounds="[481,1443][936,1597]"><node index="0" text="CANCEL" resource-id="android:id/button2" class="android.widget.Button" package="lu.cfl.cflgo.qual" content-desc="" checkable="false" checked="false" clickable="true" enabled="true" focusable="true" focused="false" scrollable="false" long-clickable="false" password="false" selected="false" bounds="[514,1454][727,1586]" /><node index="1" text="OK" resource-id="android:id/button1" class="android.widget.Button" package="lu.cfl.cflgo.qual" content-desc="" checkable="false" checked="false" clickable="true" enabled="true" focusable="true" focused="false" scrollable="false" long-clickable="false" password="false" selected="false" bounds="[727,1454][903,1586]" /></node></node></hierarchy>