<?xml version='1.0' encoding='UTF-8' standalone='yes' ?><hierarchy rotation="0"><node index="0" text="" resource-id="" class="android.widget.FrameLayout" package="lu.cfl.cflgo.qual" content-desc="" checkable="false" checked="false" clickable="false" enabled="true" focusable="false" focused="false" scrollable="false" long-clickable="false" password="false" selected="false" bounds="[0,0][1080,2028]"><node index="0" text="" resource-id="" class="android.view.ViewGroup" package="lu.cfl.cflgo.qual" content-desc="" checkable="false" checked="false" clickable="false" enabled="true" focusable="false" focused="false" scrollable="false" long-clickable="false" password="false" selected="false" bounds="[0,0][1080,2028]"><node index="0" text="" resource-id="" class="android.view.ViewGroup" package="lu.cfl.cflgo.qual" content-desc="" checkable="false" checked="false" clickable="false" enabled="true" focusable="false" focused="false" scrollable="false" long-clickable="false" password="false" selected="false" bounds="[0,0][1080,1836]"><node index="0" text="Search page, enter your starting location." resource-id="" class="android.widget.TextView" package="lu.cfl.cflgo.qual" content-desc="Search page, enter your starting location." checkable="false" checked="false" clickable="false" enabled="true" focusable="false" focused="false" scrollable="false" long-clickable="false" password="false" selected="false" bounds="[0,77][3,80]" /><node index="1" text="" resource-id="backButton" class="android.widget.Button" package="lu.cfl.cflgo.qual" content-desc="Back to home page" checkable="false" checked="false" clickable="true" enabled="true" focusable="true" focused="false" scrollable="false" long-clickable="false" password="false" selected="false" bounds="[0,121][110,231]" /><node index="2" text="What's your departure?" resource-id="fromModalTitle" class="android.widget.TextView" package="lu.cfl.cflgo.qual" content-desc="" checkable="false" checked="false" clickable="false" enabled="true" focusable="false" focused="false" scrollable="false" long-clickable="false" password="false" selected="false" bounds="[110,141][926,212]" /><node index="3" text="" resource-id="" class="android.view.ViewGroup" package="lu.cfl.cflgo.qual" content-desc="From" checkable="false" checked="false" clickable="true" enabled="true" focusable="false" focused="false" scrollable="false" long-clickable="false" password="false" selected="false" bounds="[43,292][1037,426]"><node index="0" text="From" resource-id="" class="android.widget.TextView" package="lu.cfl.cflgo.qual" content-desc="" checkable="false" checked="false" clickable="false" enabled="true" focusable="false" focused="false" scrollable="false" long-clickable="false" password="false" selected="false" bounds="[79,331][183,388]" /><node index="1" text="Luxembourg" resource-id="fromInputSearch" class="android.widget.EditText" package="lu.cfl.cflgo.qual" content-desc="From" checkable="false" checked="false" clickable="true" enabled="true" focusable="true" focused="true" scrollable="false" long-clickable="true" password="false" selected="false" bounds="[183,292][1013,426]" /><node index="2" text="" resource-id="fromInputSearch-clear" class="android.widget.Button" package="lu.cfl.cflgo.qual" content-desc="Clear input" checkable="false" checked="false" clickable="true" enabled="true" focusable="true" focused="false" scrollable="false" long-clickable="false" password="false" selected="false" bounds="[938,325][1015,402]" /></node><node index="4" text="" resource-id="my_position" class="android.widget.Button" package="lu.cfl.cflgo.qual" content-desc="My position" checkable="false" checked="false" clickable="true" enabled="true" focusable="true" focused="false" scrollable="false" long-clickable="false" password="false" selected="false" bounds="[41,448][533,586]"><node index="0" text="My position" resource-id="" class="android.widget.TextView" package="lu.cfl.cflgo.qual" content-desc="" checkable="false" checked="false" clickable="false" enabled="true" focusable="false" focused="false" scrollable="false" long-clickable="false" password="false" selected="false" bounds="[207,488][437,545]" /></node><node index="5" text="" resource-id="" class="android.widget.Button" package="lu.cfl.cflgo.qual" content-desc="Close by" checkable="false" checked="false" clickable="true" enabled="true" focusable="true" focused="false" scrollable="false" long-clickable="false" password="false" selected="false" bounds="[547,448][1039,586]"><node index="0" text="Close by" resource-id="" class="android.widget.TextView" package="lu.cfl.cflgo.qual" content-desc="" checkable="false" checked="false" clickable="false" enabled="true" focusable="false" focused="false" scrollable="false" long-clickable="false" password="false" selected="false" bounds="[744,488][911,545]" /></node><node index="6" text="" resource-id="" class="android.widget.ScrollView" package="lu.cfl.cflgo.qual" content-desc="" checkable="false" checked="false" clickable="false" enabled="true" focusable="true" focused="false" scrollable="true" long-clickable="false" password="false" selected="false" bounds="[0,671][1080,1836]"><node index="0" text="" resource-id="" class="android.widget.Button" package="lu.cfl.cflgo.qual" content-desc="Luxembourg, 65.8 km away" checkable="false" checked="false" clickable="true" enabled="true" focusable="true" focused="false" scrollable="false" long-clickable="false" password="false" selected="false" bounds="[66,671][919,795]" /><node index="1" text="" resource-id="" class="android.widget.Button" package="lu.cfl.cflgo.qual" content-desc="Pin location as pinned address" checkable="false" checked="false" clickable="true" enabled="true" focusable="true" focused="false" scrollable="false" long-clickable="false" password="false" selected="false" bounds="[919,671][1061,795]" /><node index="2" text="" resource-id="" class="android.widget.Button" package="lu.cfl.cflgo.qual" content-desc="Luxembourg, Centre Hospitalier, 68.9 km away" checkable="false" checked="false" clickable="true" enabled="true" focusable="true" focused="false" scrollable="false" long-clickable="false" password="false" selected="false" bounds="[66,798][919,922]" /><node index="3" text="" resource-id="" class="android.widget.Button" package="lu.cfl.cflgo.qual" content-desc="Pin location as pinned address" checkable="false" checked="false" clickable="true" enabled="true" focusable="true" focused="false" scrollable="false" long-clickable="false" password="false" selected="false" bounds="[919,799][1061,923]" /><node index="4" text="" resource-id="" class="android.widget.Button" package="lu.cfl.cflgo.qual" content-desc="Luxembourg, Gare Centrale routière, 65.7 km away" checkable="false" checked="false" clickable="true" enabled="true" focusable="true" focused="false" scrollable="false" long-clickable="false" password="false" selected="false" bounds="[66,925][919,1050]" /><node index="5" text="" resource-id="" class="android.widget.Button" package="lu.cfl.cflgo.qual" content-desc="Pin location as pinned address" checkable="false" checked="false" clickable="true" enabled="true" focusable="true" focused="false" scrollable="false" long-clickable="false" password="false" selected="false" bounds="[919,926][1061,1049]" /><node index="6" text="" resource-id="" class="android.widget.Button" package="lu.cfl.cflgo.qual" content-desc="Luxembourg, Gare Rocade, 65.7 km away" checkable="false" checked="false" clickable="true" enabled="true" focusable="true" focused="false" scrollable="false" long-clickable="false" password="false" selected="false" bounds="[66,1053][919,1177]" /><node index="7" text="" resource-id="" class="android.widget.Button" package="lu.cfl.cflgo.qual" content-desc="Pin location as pinned address" checkable="false" checked="false" clickable="true" enabled="true" focusable="true" focused="false" scrollable="false" long-clickable="false" password="false" selected="false" bounds="[919,1054][1061,1178]" /><node index="8" text="" resource-id="" class="android.widget.Button" package="lu.cfl.cflgo.qual" content-desc="Luxembourg, Square New York, 67.7 km away" checkable="false" checked="false" clickable="true" enabled="true" focusable="true" focused="false" scrollable="false" long-clickable="false" password="false" selected="false" bounds="[66,1180][919,1305]" /><node index="9" text="" resource-id="" class="android.widget.Button" package="lu.cfl.cflgo.qual" content-desc="Pin location as pinned address" checkable="false" checked="false" clickable="true" enabled="true" focusable="true" focused="false" scrollable="false" long-clickable="false" password="false" selected="false" bounds="[919,1181][1061,1304]" /><node index="10" text="" resource-id="" class="android.widget.Button" package="lu.cfl.cflgo.qual" content-desc="Luxembourg, Uni Campus Limpertsberg, 68.5 km away" checkable="false" checked="false" clickable="true" enabled="true" focusable="true" focused="false" scrollable="false" long-clickable="false" password="false" selected="false" bounds="[66,1308][919,1432]" /><node index="11" text="" resource-id="" class="android.widget.Button" package="lu.cfl.cflgo.qual" content-desc="Pin location as pinned address" checkable="false" checked="false" clickable="true" enabled="true" focusable="true" focused="false" scrollable="false" long-clickable="false" password="false" selected="false" bounds="[919,1309][1061,1433]" /><node index="12" text="" resource-id="" class="android.widget.Button" package="lu.cfl.cflgo.qual" content-desc="Luxembourg, Wallis, 66.0 km away" checkable="false" checked="false" clickable="true" enabled="true" focusable="true" focused="false" scrollable="false" long-clickable="false" password="false" selected="false" bounds="[66,1435][919,1559]" /><node index="13" text="" resource-id="" class="android.widget.Button" package="lu.cfl.cflgo.qual" content-desc="Pin location as pinned address" checkable="false" checked="false" clickable="true" enabled="true" focusable="true" focused="false" scrollable="false" long-clickable="false" password="false" selected="false" bounds="[919,1435][1061,1559]" /><node index="14" text="" resource-id="" class="android.widget.Button" package="lu.cfl.cflgo.qual" content-desc="Luxembourg/Centre, Monterey, 67.1 km away" checkable="false" checked="false" clickable="true" enabled="true" focusable="true" focused="false" scrollable="false" long-clickable="false" password="false" selected="false" bounds="[66,1562][919,1686]" /><node index="15" text="" resource-id="" class="android.widget.Button" package="lu.cfl.cflgo.qual" content-desc="Pin location as pinned address" checkable="false" checked="false" clickable="true" enabled="true" focusable="true" focused="false" scrollable="false" long-clickable="false" password="false" selected="false" bounds="[919,1563][1061,1687]" /><node index="16" text="" resource-id="" class="android.widget.Button" package="lu.cfl.cflgo.qual" content-desc="Luxembourg, Gare Centrale (Tram), 65.8 km away" checkable="false" checked="false" clickable="true" enabled="true" focusable="true" focused="false" scrollable="false" long-clickable="false" password="false" selected="false" bounds="[66,1689][919,1814]" /><node index="17" text="" resource-id="" class="android.widget.Button" package="lu.cfl.cflgo.qual" content-desc="Pin location as pinned address" checkable="false" checked="false" clickable="true" enabled="true" focusable="true" focused="false" scrollable="false" long-clickable="false" password="false" selected="false" bounds="[919,1690][1061,1813]" /><node index="18" text="" resource-id="" class="android.widget.Button" package="lu.cfl.cflgo.qual" content-desc="Luxembourg, Paräisser Plaz, 66.3 km away" checkable="false" checked="false" clickable="true" enabled="true" focusable="true" focused="false" scrollable="false" long-clickable="false" password="false" selected="false" bounds="[66,1817][919,1836]" /><node index="19" text="" resource-id="" class="android.widget.Button" package="lu.cfl.cflgo.qual" content-desc="Pin location as pinned address" checkable="false" checked="false" clickable="true" enabled="true" focusable="true" focused="false" scrollable="false" long-clickable="false" password="false" selected="false" bounds="[919,1818][1061,1836]" /></node></node><node index="1" text="" resource-id="" class="android.view.View" package="lu.cfl.cflgo.qual" content-desc="" checkable="false" checked="false" clickable="false" enabled="true" focusable="false" focused="false" scrollable="false" long-clickable="false" password="false" selected="false" bounds="[28,1837][1053,2028]"><node index="0" text="" resource-id="" class="android.view.View" package="lu.cfl.cflgo.qual" content-desc="Tab Notifications  unselected, 2 sur 5" checkable="false" checked="false" clickable="true" enabled="true" focusable="true" focused="false" scrollable="false" long-clickable="false" password="false" selected="false" bounds="[34,1837][228,2002]" /><node index="1" text="" resource-id="" class="android.view.View" package="lu.cfl.cflgo.qual" content-desc="Tab Works  unselected, 3 sur 5" checkable="false" checked="false" clickable="true" enabled="true" focusable="true" focused="false" scrollable="false" long-clickable="false" password="false" selected="false" bounds="[239,1837][433,2002]" /><node index="2" text="" resource-id="" class="android.view.View" package="lu.cfl.cflgo.qual" content-desc="Tab layout_itineraries_accessibility_label  selected, 1 sur 5" checkable="false" checked="false" clickable="true" enabled="true" focusable="true" focused="false" scrollable="false" long-clickable="false" password="false" selected="true" bounds="[444,1837][638,1955]" /><node index="3" text="" resource-id="" class="android.view.View" package="lu.cfl.cflgo.qual" content-desc="Tab Tickets  unselected, 4 sur 5" checkable="false" checked="false" clickable="true" enabled="true" focusable="true" focused="false" scrollable="false" long-clickable="false" password="false" selected="false" bounds="[649,1837][843,2002]" /><node index="4" text="" resource-id="" class="android.view.View" package="lu.cfl.cflgo.qual" content-desc="Tab My C F L  unselected, 5 sur 5" checkable="false" checked="false" clickable="true" enabled="true" focusable="true" focused="false" scrollable="false" long-clickable="false" password="false" selected="false" bounds="[854,1837][1048,2002]" /></node></node></node></hierarchy>