<?xml version='1.0' encoding='UTF-8' standalone='yes' ?><hierarchy rotation="0"><node index="0" text="" resource-id="" class="android.widget.FrameLayout" package="lu.cfl.cflgo.qual" content-desc="" checkable="false" checked="false" clickable="false" enabled="true" focusable="false" focused="false" scrollable="false" long-clickable="false" password="false" selected="false" bounds="[100,338][980,1766]"><node index="0" text="2026" resource-id="android:id/date_picker_header_year" class="android.widget.TextView" package="lu.cfl.cflgo.qual" content-desc="" checkable="false" checked="false" clickable="true" enabled="true" focusable="true" focused="false" scrollable="false" long-clickable="false" password="false" selected="false" bounds="[188,404][332,500]" /><node index="1" text="Tue, Jan 13" resource-id="android:id/date_picker_header_date" class="android.widget.TextView" package="lu.cfl.cflgo.qual" content-desc="" checkable="false" checked="false" clickable="true" enabled="true" focusable="true" focused="false" scrollable="false" long-clickable="false" password="false" selected="false" bounds="[210,478][694,588]" /><node index="2" text="" resource-id="" class="android.widget.ScrollView" package="lu.cfl.cflgo.qual" content-desc="" checkable="false" checked="false" clickable="false" enabled="true" focusable="true" focused="false" scrollable="false" long-clickable="false" password="false" selected="false" bounds="[144,638][936,1568]"><node index="0" text="" resource-id="android:id/day_picker_view_pager" class="com.android.internal.widget.ViewPager" package="lu.cfl.cflgo.qual" content-desc="" checkable="false" checked="false" clickable="false" enabled="true" focusable="true" focused="false" scrollable="true" long-clickable="false" password="false" selected="false" bounds="[144,638][936,1568]"><node index="1" text="" resource-id="android:id/month_view" class="android.view.View" package="lu.cfl.cflgo.qual" content-desc="" checkable="false" checked="false" clickable="false" enabled="true" focusable="true" focused="false" scrollable="false" long-clickable="false" password="false" selected="false" bounds="[144,638][936,1568]"><node index="0" text="1" resource-id="" class="android.view.View" package="lu.cfl.cflgo.qual" content-desc="01 January 2026" checkable="false" checked="false" clickable="true" enabled="true" focusable="false" focused="false" scrollable="false" long-clickable="false" password="false" selected="false" bounds="[587,908][684,1018]" /><node index="1" text="2" resource-id="" class="android.view.View" package="lu.cfl.cflgo.qual" content-desc="02 January 2026" checkable="false" checked="false" clickable="true" enabled="true" focusable="false" focused="false" scrollable="false" long-clickable="false" password="false" selected="false" bounds="[684,908][781,1018]" /><node index="2" text="3" resource-id="" class="android.view.View" package="lu.cfl.cflgo.qual" content-desc="03 January 2026" checkable="false" checked="false" clickable="true" enabled="true" focusable="false" focused="false" scrollable="false" long-clickable="false" password="false" selected="false" bounds="[781,908][878,1018]" /><node index="3" text="4" resource-id="" class="android.view.View" package="lu.cfl.cflgo.qual" content-desc="04 January 2026" checkable="false" checked="false" clickable="true" enabled="true" focusable="false" focused="false" scrollable="false" long-clickable="false" password="false" selected="false" bounds="[199,1018][296,1128]" /><node index="4" text="5" resource-id="" class="android.view.View" package="lu.cfl.cflgo.qual" content-desc="05 January 2026" checkable="false" checked="false" clickable="true" enabled="true" focusable="false" focused="false" scrollable="false" long-clickable="false" password="false" selected="false" bounds="[296,1018][393,1128]" /><node index="5" text="6" resource-id="" class="android.view.View" package="lu.cfl.cflgo.qual" content-desc="06 January 2026" checkable="false" checked="false" clickable="true" enabled="true" focusable="false" focused="false" scrollable="false" long-clickable="false" password="false" selected="false" bounds="[393,1018][490,1128]" /><node index="6" text="7" resource-id="" class="android.view.View" package="lu.cfl.cflgo.qual" content-desc="07 January 2026" checkable="false" checked="false" clickable="true" enabled="true" focusable="false" focused="false" scrollable="false" long-clickable="false" password="false" selected="false" bounds="[490,1018][587,1128]" /><node index="7" text="8" resource-id="" class="android.view.View" package="lu.cfl.cflgo.qual" content-desc="08 January 2026" checkable="false" checked="false" clickable="true" enabled="true" focusable="false" focused="false" scrollable="false" long-clickable="false" password="false" selected="false" bounds="[587,1018][684,1128]" /><node index="8" text="9" resource-id="" class="android.view.View" package="lu.cfl.cflgo.qual" content-desc="09 January 2026" checkable="false" checked="false" clickable="true" enabled="true" focusable="false" focused="false" scrollable="false" long-clickable="false" password="false" selected="false" bounds="[684,1018][781,1128]" /><node index="9" text="10" resource-id="" class="android.view.View" package="lu.cfl.cflgo.qual" content-desc="10 January 2026" checkable="false" checked="false" clickable="true" enabled="true" focusable="false" focused="false" scrollable="false" long-clickable="false" password="false" selected="false" bounds="[781,1018][878,1128]" /><node index="10" text="11" resource-id="" class="android.view.View" package="lu.cfl.cflgo.qual" content-desc="11 January 2026" checkable="false" checked="false" clickable="true" enabled="true" focusable="false" focused="false" scrollable="false" long-clickable="false" password="false" selected="false" bounds="[199,1128][296,1238]" /><node index="11" text="12" resource-id="" class="android.view.View" package="lu.cfl.cflgo.qual" content-desc="12 January 2026" checkable="false" checked="false" clickable="true" enabled="true" focusable="false" focused="false" scrollable="false" long-clickable="false" password="false" selected="false" bounds="[296,1128][393,1238]" /><node index="12" text="13" resource-id="" class="android.view.View" package="lu.cfl.cflgo.qual" content-desc="13 January 2026" checkable="false" checked="true" clickable="true" enabled="true" focusable="false" focused="false" scrollable="false" long-clickable="false" password="false" selected="true" bounds="[393,1128][490,1238]" /><node index="13" text="14" resource-id="" class="android.view.View" package="lu.cfl.cflgo.qual" content-desc="14 January 2026" checkable="false" checked="false" clickable="true" enabled="true" focusable="false" focused="false" scrollable="false" long-clickable="false" password="false" selected="false" bounds="[490,1128][587,1238]" /><node index="14" text="15" resource-id="" class="android.view.View" package="lu.cfl.cflgo.qual" content-desc="15 January 2026" checkable="false" checked="false" clickable="true" enabled="true" focusable="false" focused="false" scrollable="false" long-clickable="false" password="false" selected="false" bounds="[587,1128][684,1238]" /><node index="15" text="16" resource-id="" class="android.view.View" package="lu.cfl.cflgo.qual" content-desc="16 January 2026" checkable="false" checked="false" clickable="true" enabled="true" focusable="false" focused="false" scrollable="false" long-clickable="false" password="false" selected="false" bounds="[684,1128][781,1238]" /><node index="16" text="17" resource-id="" class="android.view.View" package="lu.cfl.cflgo.qual" content-desc="17 January 2026" checkable="false" checked="false" clickable="true" enabled="true" focusable="false" focused="false" scrollable="false" long-clickable="false" password="false" selected="false" bounds="[781,1128][878,1238]" /><node index="17" text="18" resource-id="" class="android.view.View" package="lu.cfl.cflgo.qual" content-desc="18 January 2026" checkable="false" checked="false" clickable="true" enabled="true" focusable="false" focused="false" scrollable="false" long-clickable="false" password="false" selected="false" bounds="[199,1238][296,1348]" /><node index="18" text="19" resource-id="" class="android.view.View" package="lu.cfl.cflgo.qual" content-desc="19 January 2026" checkable="false" checked="false" clickable="true" enabled="true" focusable="false" focused="false" scrollable="false" long-clickable="false" password="false" selected="false" bounds="[296,1238][393,1348]" /><node index="19" text="20" resource-id="" class="android.view.View" package="lu.cfl.cflgo.qual" content-desc="20 January 2026" checkable="false" checked="false" clickable="true" enabled="true" focusable="false" focused="false" scrollable="false" long-clickable="false" password="false" selected="false" bounds="[393,1238][490,1348]" /><node index="20" text="21" resource-id="" class="android.view.View" package="lu.cfl.cflgo.qual" content-desc="21 January 2026" checkable="false" checked="false" clickable="true" enabled="true" focusable="false" focused="false" scrollable="false" long-clickable="false" password="false" selected="false" bounds="[490,1238][587,1348]" /><node index="21" text="22" resource-id="" class="android.view.View" package="lu.cfl.cflgo.qual" content-desc="22 January 2026" checkable="false" checked="false" clickable="true" enabled="true" focusable="false" focused="false" scrollable="false" long-clickable="false" password="false" selected="false" bounds="[587,1238][684,1348]" /><node index="22" text="23" resource-id="" class="android.view.View" package="lu.cfl.cflgo.qual" content-desc="23 January 2026" checkable="false" checked="false" clickable="true" enabled="true" focusable="false" focused="false" scrollable="false" long-clickable="false" password="false" selected="false" bounds="[684,1238][781,1348]" /><node index="23" text="24" resource-id="" class="android.view.View" package="lu.cfl.cflgo.qual" content-desc="24 January 2026" checkable="false" checked="false" clickable="true" enabled="true" focusable="false" focused="false" scrollable="false" long-clickable="false" password="false" selected="false" bounds="[781,1238][878,1348]" /><node index="24" text="25" resource-id="" class="android.view.View" package="lu.cfl.cflgo.qual" content-desc="25 January 2026" checkable="false" checked="false" clickable="true" enabled="true" focusable="false" focused="false" scrollable="false" long-clickable="false" password="false" selected="false" bounds="[199,1348][296,1458]" /><node index="25" text="26" resource-id="" class="android.view.View" package="lu.cfl.cflgo.qual" content-desc="26 January 2026" checkable="false" checked="false" clickable="true" enabled="true" focusable="false" focused="false" scrollable="false" long-clickable="false" password="false" selected="false" bounds="[296,1348][393,1458]" /><node index="26" text="27" resource-id="" class="android.view.View" package="lu.cfl.cflgo.qual" content-desc="27 January 2026" checkable="false" checked="false" clickable="true" enabled="true" focusable="false" focused="false" scrollable="false" long-clickable="false" password="false" selected="false" bounds="[393,1348][490,1458]" /><node index="27" text="28" resource-id="" class="android.view.View" package="lu.cfl.cflgo.qual" content-desc="28 January 2026" checkable="false" checked="false" clickable="true" enabled="true" focusable="false" focused="false" scrollable="false" long-clickable="false" password="false" selected="false" bounds="[490,1348][587,1458]" /><node index="28" text="29" resource-id="" class="android.view.View" package="lu.cfl.cflgo.qual" content-desc="29 January 2026" checkable="false" checked="false" clickable="true" enabled="true" focusable="false" focused="false" scrollable="false" long-clickable="false" password="false" selected="false" bounds="[587,1348][684,1458]" /><node index="29" text="30" resource-id="" class="android.view.View" package="lu.cfl.cflgo.qual" content-desc="30 January 2026" checkable="false" checked="false" clickable="true" enabled="true" focusable="false" focused="false" scrollable="false" long-clickable="false" password="false" selected="false" bounds="[684,1348][781,1458]" /><node index="30" text="31" resource-id="" class="android.view.View" package="lu.cfl.cflgo.qual" content-desc="31 January 2026" checkable="false" checked="false" clickable="true" enabled="true" focusable="false" focused="false" scrollable="false" long-clickable="false" password="false" selected="false" bounds="[781,1348][878,1458]" /></node></node><node index="1" text="" resource-id="android:id/prev" class="android.widget.ImageButton" package="lu.cfl.cflgo.qual" content-desc="Previous month" checkable="false" checked="false" clickable="true" enabled="true" focusable="true" focused="false" scrollable="false" long-clickable="false" password="false" selected="false" bounds="[182,666][314,798]" /><node index="2" text="" resource-id="android:id/next" class="android.widget.ImageButton" package="lu.cfl.cflgo.qual" content-desc="Next month" checkable="false" checked="false" clickable="true" enabled="true" focusable="true" focused="false" scrollable="false" long-clickable="false" password="false" selected="false" bounds="[766,666][898,798]" /></node><node index="3" text="" resource-id="android:id/buttonPanel" class="android.widget.ScrollView" package="lu.cfl.cflgo.qual" content-desc="" checkable="false" checked="false" clickable="false" enabled="true" focusable="true" focused="false" scrollable="false" long-clickable="false" password="false" selected="false" bounds="[144,1568][936,1722]"><node index="0" text="CANCEL" resource-id="android:id/button2" class="android.widget.Button" package="lu.cfl.cflgo.qual" content-desc="" checkable="false" checked="false" clickable="true" enabled="true" focusable="true" focused="false" scrollable="false" long-clickable="false" password="false" selected="false" bounds="[514,1579][727,1711]" /><node index="1" text="OK" resource-id="android:id/button1" class="android.widget.Button" package="lu.cfl.cflgo.qual" content-desc="" checkable="false" checked="false" clickable="true" enabled="true" focusable="true" focused="false" scrollable="false" long-clickable="false" password="false" selected="false" bounds="[727,1579][903,1711]" /></node></node></hierarchy>