<?xml version='1.0' encoding='UTF-8' standalone='yes' ?><hierarchy rotation="0"><node index="0" text="" resource-id="" class="android.widget.FrameLayout" package="lu.cfl.cflgo.qual" content-desc="" checkable="false" checked="false" clickable="false" enabled="true" focusable="false" focused="false" scrollable="false" long-clickable="false" password="false" selected="false" bounds="[0,0][1080,2028]"><node index="0" text="" resource-id="" class="android.view.ViewGroup" package="lu.cfl.cflgo.qual" content-desc="" checkable="false" checked="false" clickable="false" enabled="true" focusable="false" focused="false" scrollable="false" long-clickable="false" password="false" selected="false" bounds="[0,0][1080,2028]"><node index="0" text="" resource-id="" class="android.view.ViewGroup" package="lu.cfl.cflgo.qual" content-desc="" checkable="false" checked="false" clickable="false" enabled="true" focusable="false" focused="false" scrollable="false" long-clickable="false" password="false" selected="false" bounds="[0,0][1080,1836]"><node index="0" text="Search page, enter your destination location." resource-id="" class="android.widget.TextView" package="lu.cfl.cflgo.qual" content-desc="Search page, enter your destination location." checkable="false" checked="false" clickable="false" enabled="true" focusable="false" focused="false" scrollable="false" long-clickable="false" password="false" selected="false" bounds="[0,77][3,80]" /><node index="1" text="" resource-id="backButton" class="android.widget.Button" package="lu.cfl.cflgo.qual" content-desc="Back to home page" checkable="false" checked="false" clickable="true" enabled="true" focusable="true" focused="false" scrollable="false" long-clickable="false" password="false" selected="false" bounds="[0,121][110,231]" /><node index="2" text="Where do you want to go?" resource-id="toModalTitle" class="android.widget.TextView" package="lu.cfl.cflgo.qual" content-desc="" checkable="false" checked="false" clickable="false" enabled="true" focusable="false" focused="false" scrollable="false" long-clickable="false" password="false" selected="false" bounds="[110,141][926,212]" /><node index="3" text="" resource-id="" class="android.view.ViewGroup" package="lu.cfl.cflgo.qual" content-desc="To" checkable="false" checked="false" clickable="true" enabled="true" focusable="false" focused="false" scrollable="false" long-clickable="false" password="false" selected="false" bounds="[43,292][1037,426]"><node index="0" text="To" resource-id="" class="android.widget.TextView" package="lu.cfl.cflgo.qual" content-desc="" checkable="false" checked="false" clickable="false" enabled="true" focusable="false" focused="false" scrollable="false" long-clickable="false" password="false" selected="false" bounds="[79,331][127,388]" /><node index="1" text="Arlon" resource-id="toInputSearch" class="android.widget.EditText" package="lu.cfl.cflgo.qual" content-desc="To" checkable="false" checked="false" clickable="true" enabled="true" focusable="true" focused="true" scrollable="false" long-clickable="true" password="false" selected="false" bounds="[127,292][957,426]" /><node index="2" text="" resource-id="toInputSearch-clear" class="android.widget.Button" package="lu.cfl.cflgo.qual" content-desc="Clear input" checkable="false" checked="false" clickable="true" enabled="true" focusable="true" focused="false" scrollable="false" long-clickable="false" password="false" selected="false" bounds="[938,325][1015,402]" /></node><node index="4" text="" resource-id="my_position" class="android.widget.Button" package="lu.cfl.cflgo.qual" content-desc="My position" checkable="false" checked="false" clickable="true" enabled="true" focusable="true" focused="false" scrollable="false" long-clickable="false" password="false" selected="false" bounds="[41,448][533,586]"><node index="0" text="My position" resource-id="" class="android.widget.TextView" package="lu.cfl.cflgo.qual" content-desc="" checkable="false" checked="false" clickable="false" enabled="true" focusable="false" focused="false" scrollable="false" long-clickable="false" password="false" selected="false" bounds="[207,488][437,545]" /></node><node index="5" text="" resource-id="" class="android.widget.Button" package="lu.cfl.cflgo.qual" content-desc="Close by" checkable="false" checked="false" clickable="true" enabled="true" focusable="true" focused="false" scrollable="false" long-clickable="false" password="false" selected="false" bounds="[547,448][1039,586]"><node index="0" text="Close by" resource-id="" class="android.widget.TextView" package="lu.cfl.cflgo.qual" content-desc="" checkable="false" checked="false" clickable="false" enabled="true" focusable="false" focused="false" scrollable="false" long-clickable="false" password="false" selected="false" bounds="[744,488][911,545]" /></node><node index="6" text="" resource-id="" class="android.widget.ScrollView" package="lu.cfl.cflgo.qual" content-desc="" checkable="false" checked="false" clickable="false" enabled="true" focusable="true" focused="false" scrollable="true" long-clickable="false" password="false" selected="false" bounds="[0,671][1080,1836]"><node index="0" text="" resource-id="" class="android.widget.Button" package="lu.cfl.cflgo.qual" content-desc="Arlon, Gare routière, 87.7 km away" checkable="false" checked="false" clickable="true" enabled="true" focusable="true" focused="false" scrollable="false" long-clickable="false" password="false" selected="false" bounds="[66,671][919,795]" /><node index="1" text="" resource-id="" class="android.widget.Button" package="lu.cfl.cflgo.qual" content-desc="Pin location as pinned address" checkable="false" checked="false" clickable="true" enabled="true" focusable="true" focused="false" scrollable="false" long-clickable="false" password="false" selected="false" bounds="[919,671][1061,795]" /><node index="2" text="" resource-id="" class="android.widget.Button" package="lu.cfl.cflgo.qual" content-desc="Arlon 81-83, 65.9 km away" checkable="false" checked="false" clickable="true" enabled="true" focusable="true" focused="false" scrollable="false" long-clickable="false" password="false" selected="false" bounds="[66,798][919,921]" /><node index="3" text="" resource-id="" class="android.widget.Button" package="lu.cfl.cflgo.qual" content-desc="Pin location as pinned address" checkable="false" checked="false" clickable="true" enabled="true" focusable="true" focused="false" scrollable="false" long-clickable="false" password="false" selected="false" bounds="[919,798][1061,921]" /><node index="4" text="" resource-id="" class="android.widget.Button" package="lu.cfl.cflgo.qual" content-desc="Arlon, Cimetière, 88.1 km away" checkable="false" checked="false" clickable="true" enabled="true" focusable="true" focused="false" scrollable="false" long-clickable="false" password="false" selected="false" bounds="[66,924][919,1048]" /><node index="5" text="" resource-id="" class="android.widget.Button" package="lu.cfl.cflgo.qual" content-desc="Pin location as pinned address" checkable="false" checked="false" clickable="true" enabled="true" focusable="true" focused="false" scrollable="false" long-clickable="false" password="false" selected="false" bounds="[919,924][1061,1048]" /><node index="6" text="" resource-id="" class="android.widget.Button" package="lu.cfl.cflgo.qual" content-desc="Arlon, Institut notre Dame (INDA), 87.5 km away" checkable="false" checked="false" clickable="true" enabled="true" focusable="true" focused="false" scrollable="false" long-clickable="false" password="false" selected="false" bounds="[66,1051][919,1175]" /><node index="7" text="" resource-id="" class="android.widget.Button" package="lu.cfl.cflgo.qual" content-desc="Pin location as pinned address" checkable="false" checked="false" clickable="true" enabled="true" focusable="true" focused="false" scrollable="false" long-clickable="false" password="false" selected="false" bounds="[919,1052][1061,1176]" /><node index="8" text="" resource-id="" class="android.widget.Button" package="lu.cfl.cflgo.qual" content-desc="Arlon, Pl.des Chasseurs Ard., 87.6 km away" checkable="false" checked="false" clickable="true" enabled="true" focusable="true" focused="false" scrollable="false" long-clickable="false" password="false" selected="false" bounds="[66,1178][919,1303]" /><node index="9" text="" resource-id="" class="android.widget.Button" package="lu.cfl.cflgo.qual" content-desc="Pin location as pinned address" checkable="false" checked="false" clickable="true" enabled="true" focusable="true" focused="false" scrollable="false" long-clickable="false" password="false" selected="false" bounds="[919,1179][1061,1302]" /><node index="10" text="" resource-id="" class="android.widget.Button" package="lu.cfl.cflgo.qual" content-desc="Arlon, rue Léon Castilhon, 87.9 km away" checkable="false" checked="false" clickable="true" enabled="true" focusable="true" focused="false" scrollable="false" long-clickable="false" password="false" selected="false" bounds="[66,1306][919,1429]" /><node index="11" text="" resource-id="" class="android.widget.Button" package="lu.cfl.cflgo.qual" content-desc="Pin location as pinned address" checkable="false" checked="false" clickable="true" enabled="true" focusable="true" focused="false" scrollable="false" long-clickable="false" password="false" selected="false" bounds="[919,1306][1061,1429]" /><node index="12" text="" resource-id="" class="android.widget.Button" package="lu.cfl.cflgo.qual" content-desc="Arlon, Square Astrid, 88.0 km away" checkable="false" checked="false" clickable="true" enabled="true" focusable="true" focused="false" scrollable="false" long-clickable="false" password="false" selected="false" bounds="[66,1432][919,1556]" /><node index="13" text="" resource-id="" class="android.widget.Button" package="lu.cfl.cflgo.qual" content-desc="Pin location as pinned address" checkable="false" checked="false" clickable="true" enabled="true" focusable="true" focused="false" scrollable="false" long-clickable="false" password="false" selected="false" bounds="[919,1432][1061,1556]" /><node index="14" text="" resource-id="" class="android.widget.Button" package="lu.cfl.cflgo.qual" content-desc="Arlon, Athénée Royale, 87.1 km away" checkable="false" checked="false" clickable="true" enabled="true" focusable="true" focused="false" scrollable="false" long-clickable="false" password="false" selected="false" bounds="[66,1559][919,1682]" /><node index="15" text="" resource-id="" class="android.widget.Button" package="lu.cfl.cflgo.qual" content-desc="Pin location as pinned address" checkable="false" checked="false" clickable="true" enabled="true" focusable="true" focused="false" scrollable="false" long-clickable="false" password="false" selected="false" bounds="[919,1559][1061,1682]" /><node index="16" text="" resource-id="" class="android.widget.Button" package="lu.cfl.cflgo.qual" content-desc="Arlon, Bon coin, 88.5 km away" checkable="false" checked="false" clickable="true" enabled="true" focusable="true" focused="false" scrollable="false" long-clickable="false" password="false" selected="false" bounds="[66,1685][919,1809]" /><node index="17" text="" resource-id="" class="android.widget.Button" package="lu.cfl.cflgo.qual" content-desc="Pin location as pinned address" checkable="false" checked="false" clickable="true" enabled="true" focusable="true" focused="false" scrollable="false" long-clickable="false" password="false" selected="false" bounds="[919,1685][1061,1809]" /></node></node><node index="1" text="" resource-id="" class="android.view.View" package="lu.cfl.cflgo.qual" content-desc="" checkable="false" checked="false" clickable="false" enabled="true" focusable="false" focused="false" scrollable="false" long-clickable="false" password="false" selected="false" bounds="[28,1837][1053,2028]"><node index="0" text="" resource-id="" class="android.view.View" package="lu.cfl.cflgo.qual" content-desc="Tab Notifications  unselected, 2 sur 5" checkable="false" checked="false" clickable="true" enabled="true" focusable="true" focused="false" scrollable="false" long-clickable="false" password="false" selected="false" bounds="[34,1837][228,2002]" /><node index="1" text="" resource-id="" class="android.view.View" package="lu.cfl.cflgo.qual" content-desc="Tab Works  unselected, 3 sur 5" checkable="false" checked="false" clickable="true" enabled="true" focusable="true" focused="false" scrollable="false" long-clickable="false" password="false" selected="false" bounds="[239,1837][433,2002]" /><node index="2" text="" resource-id="" class="android.view.View" package="lu.cfl.cflgo.qual" content-desc="Tab layout_itineraries_accessibility_label  selected, 1 sur 5" checkable="false" checked="false" clickable="true" enabled="true" focusable="true" focused="false" scrollable="false" long-clickable="false" password="false" selected="true" bounds="[444,1837][638,1955]" /><node index="3" text="" resource-id="" class="android.view.View" package="lu.cfl.cflgo.qual" content-desc="Tab Tickets  unselected, 4 sur 5" checkable="false" checked="false" clickable="true" enabled="true" focusable="true" focused="false" scrollable="false" long-clickable="false" password="false" selected="false" bounds="[649,1837][843,2002]" /><node index="4" text="" resource-id="" class="android.view.View" package="lu.cfl.cflgo.qual" content-desc="Tab My C F L  unselected, 5 sur 5" checkable="false" checked="false" clickable="true" enabled="true" focusable="true" focused="false" scrollable="false" long-clickable="false" password="false" selected="false" bounds="[854,1837][1048,2002]" /></node></node></node></hierarchy>