<?xml version='1.0' encoding='UTF-8' standalone='yes' ?><hierarchy rotation="0"><node index="0" text="" resource-id="" class="android.widget.FrameLayout" package="lu.cfl.cflgo.qual" content-desc="" checkable="false" checked="false" clickable="false" enabled="true" focusable="false" focused="false" scrollable="false" long-clickable="false" password="false" selected="false" bounds="[0,0][1080,2028]"><node index="0" text="" resource-id="" class="android.view.ViewGroup" package="lu.cfl.cflgo.qual" content-desc="" checkable="false" checked="false" clickable="false" enabled="true" focusable="false" focused="false" scrollable="false" long-clickable="false" password="false" selected="false" bounds="[0,0][1080,2028]"><node index="0" text="" resource-id="" class="android.view.ViewGroup" package="lu.cfl.cflgo.qual" content-desc="" checkable="false" checked="false" clickable="false" enabled="true" focusable="false" focused="false" scrollable="false" long-clickable="false" password="false" selected="false" bounds="[0,0][1080,1836]"><node index="0" text="Search page, enter your destination location." resource-id="" class="android.widget.TextView" package="lu.cfl.cflgo.qual" content-desc="Search page, enter your destination location." checkable="false" checked="false" clickable="false" enabled="true" focusable="false" focused="false" scrollable="false" long-clickable="false" password="false" selected="false" bounds="[0,77][3,80]" /><node index="1" text="" resource-id="backButton" class="android.widget.Button" package="lu.cfl.cflgo.qual" content-desc="Back to home page" checkable="false" checked="false" clickable="true" enabled="true" focusable="true" focused="false" scrollable="false" long-clickable="false" password="false" selected="false" bounds="[0,121][110,231]" /><node index="2" text="Where do you want to go?" resource-id="toModalTitle" class="android.widget.TextView" package="lu.cfl.cflgo.qual" content-desc="" checkable="false" checked="false" clickable="false" enabled="true" focusable="false" focused="false" scrollable="false" long-clickable="false" password="false" selected="false" bounds="[110,141][926,212]" /><node index="3" text="" resource-id="" class="android.view.ViewGroup" package="lu.cfl.cflgo.qual" content-desc="To" checkable="false" checked="false" clickable="true" enabled="true" focusable="false" focused="false" scrollable="false" long-clickable="false" password="false" selected="false" bounds="[43,292][1037,426]"><node index="0" text="To" resource-id="" class="android.widget.TextView" package="lu.cfl.cflgo.qual" content-desc="" checkable="false" checked="false" clickable="false" enabled="true" focusable="false" focused="false" scrollable="false" long-clickable="false" password="false" selected="false" bounds="[79,331][127,388]" /><node index="1" text="" resource-id="toInputSearch" class="android.widget.EditText" package="lu.cfl.cflgo.qual" content-desc="To" checkable="false" checked="false" clickable="true" enabled="true" focusable="true" focused="true" scrollable="false" long-clickable="true" password="false" selected="false" bounds="[127,292][957,426]" /></node><node index="4" text="" resource-id="my_position" class="android.widget.Button" package="lu.cfl.cflgo.qual" content-desc="My position" checkable="false" checked="false" clickable="true" enabled="true" focusable="true" focused="false" scrollable="false" long-clickable="false" password="false" selected="false" bounds="[41,448][533,586]"><node index="0" text="My position" resource-id="" class="android.widget.TextView" package="lu.cfl.cflgo.qual" content-desc="" checkable="false" checked="false" clickable="false" enabled="true" focusable="false" focused="false" scrollable="false" long-clickable="false" password="false" selected="false" bounds="[207,488][437,545]" /></node><node index="5" text="" resource-id="" class="android.widget.Button" package="lu.cfl.cflgo.qual" content-desc="Close by" checkable="false" checked="false" clickable="true" enabled="true" focusable="true" focused="false" scrollable="false" long-clickable="false" password="false" selected="false" bounds="[547,448][1039,586]"><node index="0" text="Close by" resource-id="" class="android.widget.TextView" package="lu.cfl.cflgo.qual" content-desc="" checkable="false" checked="false" clickable="false" enabled="true" focusable="false" focused="false" scrollable="false" long-clickable="false" password="false" selected="false" bounds="[744,488][911,545]" /></node><node index="6" text="" resource-id="" class="android.widget.ScrollView" package="lu.cfl.cflgo.qual" content-desc="" checkable="false" checked="false" clickable="false" enabled="true" focusable="true" focused="false" scrollable="true" long-clickable="false" password="false" selected="false" bounds="[0,671][1080,1836]"><node index="0" text="" resource-id="pre-selection-Home" class="android.view.ViewGroup" package="lu.cfl.cflgo.qual" content-desc="Home" checkable="false" checked="false" clickable="true" enabled="true" focusable="true" focused="false" scrollable="false" long-clickable="false" password="false" selected="false" bounds="[82,702][894,805]"><node index="0" text="Home" resource-id="address-name-for-Home" class="android.widget.TextView" package="lu.cfl.cflgo.qual" content-desc="" checkable="false" checked="false" clickable="false" enabled="true" focusable="false" focused="false" scrollable="false" long-clickable="false" password="false" selected="false" bounds="[176,702][894,755]" /><node index="1" text="Enter my address" resource-id="" class="android.widget.TextView" package="lu.cfl.cflgo.qual" content-desc="" checkable="false" checked="false" clickable="false" enabled="true" focusable="false" focused="false" scrollable="false" long-clickable="false" password="false" selected="false" bounds="[176,761][894,805]" /></node><node index="1" text="" resource-id="" class="android.view.ViewGroup" package="lu.cfl.cflgo.qual" content-desc="edit Home" checkable="false" checked="false" clickable="true" enabled="true" focusable="true" focused="false" scrollable="false" long-clickable="false" password="false" selected="false" bounds="[942,727][995,780]" /><node index="2" text="" resource-id="pre-selection-Work" class="android.view.ViewGroup" package="lu.cfl.cflgo.qual" content-desc="Work" checkable="false" checked="false" clickable="true" enabled="true" focusable="true" focused="false" scrollable="false" long-clickable="false" password="false" selected="false" bounds="[82,895][894,999]"><node index="0" text="Work" resource-id="address-name-for-Work" class="android.widget.TextView" package="lu.cfl.cflgo.qual" content-desc="" checkable="false" checked="false" clickable="false" enabled="true" focusable="false" focused="false" scrollable="false" long-clickable="false" password="false" selected="false" bounds="[176,895][894,948]" /><node index="1" text="Enter my address" resource-id="" class="android.widget.TextView" package="lu.cfl.cflgo.qual" content-desc="" checkable="false" checked="false" clickable="false" enabled="true" focusable="false" focused="false" scrollable="false" long-clickable="false" password="false" selected="false" bounds="[176,954][894,999]" /></node><node index="3" text="" resource-id="" class="android.view.ViewGroup" package="lu.cfl.cflgo.qual" content-desc="edit Work" checkable="false" checked="false" clickable="true" enabled="true" focusable="true" focused="false" scrollable="false" long-clickable="false" password="false" selected="false" bounds="[942,920][995,972]" /><node index="4" text="" resource-id="preselection-add-other" class="android.widget.Button" package="lu.cfl.cflgo.qual" content-desc="Other" checkable="false" checked="false" clickable="true" enabled="true" focusable="true" focused="false" scrollable="false" long-clickable="false" password="false" selected="false" bounds="[41,1056][1039,1221]"><node index="0" text="Other" resource-id="" class="android.widget.TextView" package="lu.cfl.cflgo.qual" content-desc="" checkable="false" checked="false" clickable="false" enabled="true" focusable="false" focused="false" scrollable="false" long-clickable="false" password="false" selected="false" bounds="[176,1112][284,1165]" /></node><node index="5" text="Recent search" resource-id="" class="android.widget.TextView" package="lu.cfl.cflgo.qual" content-desc="" checkable="false" checked="false" clickable="false" enabled="true" focusable="false" focused="false" scrollable="false" long-clickable="false" password="false" selected="false" bounds="[66,1306][1080,1450]" /><node index="6" text="" resource-id="" class="android.widget.Button" package="lu.cfl.cflgo.qual" content-desc="Arlon (Belgium)" checkable="false" checked="false" clickable="true" enabled="true" focusable="true" focused="false" scrollable="false" long-clickable="false" password="false" selected="false" bounds="[66,1450][919,1574]" /><node index="7" text="" resource-id="" class="android.widget.Button" package="lu.cfl.cflgo.qual" content-desc="Pin location as pinned address" checkable="false" checked="false" clickable="true" enabled="true" focusable="true" focused="false" scrollable="false" long-clickable="false" password="false" selected="false" bounds="[919,1450][1061,1574]" /><node index="8" text="" resource-id="" class="android.widget.Button" package="lu.cfl.cflgo.qual" content-desc="Luxembourg" checkable="false" checked="false" clickable="true" enabled="true" focusable="true" focused="false" scrollable="false" long-clickable="false" password="false" selected="false" bounds="[66,1576][919,1700]" /><node index="9" text="" resource-id="" class="android.widget.Button" package="lu.cfl.cflgo.qual" content-desc="Pin location as pinned address" checkable="false" checked="false" clickable="true" enabled="true" focusable="true" focused="false" scrollable="false" long-clickable="false" password="false" selected="false" bounds="[919,1576][1061,1700]" /></node></node><node index="1" text="" resource-id="" class="android.view.View" package="lu.cfl.cflgo.qual" content-desc="" checkable="false" checked="false" clickable="false" enabled="true" focusable="false" focused="false" scrollable="false" long-clickable="false" password="false" selected="false" bounds="[28,1837][1053,2028]"><node index="0" text="" resource-id="" class="android.view.View" package="lu.cfl.cflgo.qual" content-desc="Tab Notifications  unselected, 2 sur 5" checkable="false" checked="false" clickable="true" enabled="true" focusable="true" focused="false" scrollable="false" long-clickable="false" password="false" selected="false" bounds="[34,1837][228,2002]" /><node index="1" text="" resource-id="" class="android.view.View" package="lu.cfl.cflgo.qual" content-desc="Tab Works  unselected, 3 sur 5" checkable="false" checked="false" clickable="true" enabled="true" focusable="true" focused="false" scrollable="false" long-clickable="false" password="false" selected="false" bounds="[239,1837][433,2002]" /><node index="2" text="" resource-id="" class="android.view.View" package="lu.cfl.cflgo.qual" content-desc="Tab layout_itineraries_accessibility_label  selected, 1 sur 5" checkable="false" checked="false" clickable="true" enabled="true" focusable="true" focused="false" scrollable="false" long-clickable="false" password="false" selected="true" bounds="[444,1837][638,1955]" /><node index="3" text="" resource-id="" class="android.view.View" package="lu.cfl.cflgo.qual" content-desc="Tab Tickets  unselected, 4 sur 5" checkable="false" checked="false" clickable="true" enabled="true" focusable="true" focused="false" scrollable="false" long-clickable="false" password="false" selected="false" bounds="[649,1837][843,2002]" /><node index="4" text="" resource-id="" class="android.view.View" package="lu.cfl.cflgo.qual" content-desc="Tab My C F L  unselected, 5 sur 5" checkable="false" checked="false" clickable="true" enabled="true" focusable="true" focused="false" scrollable="false" long-clickable="false" password="false" selected="false" bounds="[854,1837][1048,2002]" /></node></node></node></hierarchy>