<?xml version='1.0' encoding='UTF-8' standalone='yes' ?><hierarchy rotation="0"><node index="0" text="" resource-id="" class="android.widget.FrameLayout" package="lu.cfl.cflgo.qual" content-desc="" checkable="false" checked="false" clickable="false" enabled="true" focusable="false" focused="false" scrollable="false" long-clickable="false" password="false" selected="false" bounds="[0,0][1080,2028]"><node index="0" text="" resource-id="" class="android.view.ViewGroup" package="lu.cfl.cflgo.qual" content-desc="" checkable="false" checked="false" clickable="false" enabled="true" focusable="false" focused="false" scrollable="false" long-clickable="false" password="false" selected="false" bounds="[0,0][1080,2028]"><node index="0" text="" resource-id="" class="android.view.ViewGroup" package="lu.cfl.cflgo.qual" content-desc="" checkable="false" checked="false" clickable="false" enabled="true" focusable="false" focused="false" scrollable="false" long-clickable="false" password="false" selected="false" bounds="[0,0][1080,1836]"><node index="0" text="" resource-id="header-search-back-btn" class="android.widget.Button" package="lu.cfl.cflgo.qual" content-desc="Back to previous page" checkable="false" checked="false" clickable="true" enabled="true" focusable="true" focused="false" scrollable="false" long-clickable="false" password="false" selected="false" bounds="[55,118][193,228]" /><node index="1" text="Search results" resource-id="searchHeader_back" class="android.widget.TextView" package="lu.cfl.cflgo.qual" content-desc="" checkable="false" checked="false" clickable="false" enabled="true" focusable="false" focused="false" scrollable="false" long-clickable="false" password="false" selected="false" bounds="[55,142][1025,205]" /><node index="2" text="" resource-id="itineraryLine" class="android.view.ViewGroup" package="lu.cfl.cflgo.qual" content-desc="" checkable="false" checked="false" clickable="false" enabled="true" focusable="false" focused="false" scrollable="false" long-clickable="false" password="false" selected="false" bounds="[55,275][74,363]" /><node index="3" text="" resource-id="" class="android.view.ViewGroup" package="lu.cfl.cflgo.qual" content-desc="Search summary: Departure from Luxembourg to Arlon, Gare routière. Departure on 13 January 2026 at 12 10 PM." checkable="false" checked="false" clickable="false" enabled="true" focusable="true" focused="false" scrollable="false" long-clickable="false" password="false" selected="false" bounds="[107,264][835,389]" /><node index="4" text="" resource-id="" class="android.widget.Button" package="lu.cfl.cflgo.qual" content-desc="Swap departure and arrival" checkable="false" checked="false" clickable="true" enabled="true" focusable="true" focused="false" scrollable="false" long-clickable="false" password="false" selected="false" bounds="[868,264][1000,396]" /><node index="5" text="" resource-id="" class="android.view.ViewGroup" package="lu.cfl.cflgo.qual" content-desc="Departure, 13/01/2026 - 12:10" checkable="false" checked="false" clickable="false" enabled="true" focusable="true" focused="false" scrollable="false" long-clickable="false" password="false" selected="false" bounds="[55,429][1025,484]" /><node index="6" text="" resource-id="" class="android.widget.Button" package="lu.cfl.cflgo.qual" content-desc="Change trajet time and date" checkable="false" checked="false" clickable="true" enabled="true" focusable="true" focused="false" scrollable="false" long-clickable="false" password="false" selected="false" bounds="[55,517][369,644]"><node index="0" text="Modify date/time" resource-id="" class="android.widget.TextView" package="lu.cfl.cflgo.qual" content-desc="" checkable="false" checked="false" clickable="false" enabled="true" focusable="false" focused="false" scrollable="false" long-clickable="false" password="false" selected="false" bounds="[111,527][314,633]" /></node><node index="7" text="" resource-id="add-via-btn" class="android.widget.Button" package="lu.cfl.cflgo.qual" content-desc="Add an intermediate stop to your route" checkable="false" checked="false" clickable="true" enabled="true" focusable="true" focused="false" scrollable="false" long-clickable="false" password="false" selected="false" bounds="[383,517][697,644]"><node index="0" text="Add a via" resource-id="" class="android.widget.TextView" package="lu.cfl.cflgo.qual" content-desc="" checkable="false" checked="false" clickable="false" enabled="true" focusable="false" focused="false" scrollable="false" long-clickable="false" password="false" selected="false" bounds="[445,552][636,609]" /></node><node index="8" text="" resource-id="add-favorite-btn" class="android.widget.Button" package="lu.cfl.cflgo.qual" content-desc="Add as favorite" checkable="false" checked="false" clickable="true" enabled="true" focusable="true" focused="false" scrollable="false" long-clickable="false" password="false" selected="false" bounds="[711,517][1025,644]"><node index="0" text="Add as favorite" resource-id="" class="android.widget.TextView" package="lu.cfl.cflgo.qual" content-desc="" checkable="false" checked="false" clickable="false" enabled="true" focusable="false" focused="false" scrollable="false" long-clickable="false" password="false" selected="false" bounds="[790,527][947,633]" /></node><node index="9" text="" resource-id="" class="android.view.ViewGroup" package="lu.cfl.cflgo.qual" content-desc="" checkable="false" checked="false" clickable="false" enabled="true" focusable="false" focused="false" scrollable="false" long-clickable="false" password="false" selected="false" bounds="[0,671][1080,1836]"><node index="0" text="" resource-id="trip-search-result" class="android.widget.ScrollView" package="lu.cfl.cflgo.qual" content-desc="" checkable="false" checked="false" clickable="false" enabled="true" focusable="true" focused="false" scrollable="true" long-clickable="false" password="false" selected="false" bounds="[55,671][1025,1836]"><node index="0" text="" resource-id="open-filters" class="android.widget.Button" package="lu.cfl.cflgo.qual" content-desc="Filter search results" checkable="false" checked="false" clickable="true" enabled="true" focusable="true" focused="false" scrollable="false" long-clickable="false" password="false" selected="false" bounds="[55,699][290,831]"><node index="0" text="Filters " resource-id="" class="android.widget.TextView" package="lu.cfl.cflgo.qual" content-desc="" checkable="false" checked="false" clickable="false" enabled="true" focusable="false" focused="false" scrollable="false" long-clickable="false" password="false" selected="false" bounds="[105,737][241,794]" /></node><node index="1" text="" resource-id="" class="android.widget.Button" package="lu.cfl.cflgo.qual" content-desc="Search for earlier trips" checkable="false" checked="false" clickable="true" enabled="true" focusable="true" focused="false" scrollable="false" long-clickable="false" password="false" selected="false" bounds="[814,741][1025,804]"><node index="0" text="Sooner" resource-id="searchResult_sooner" class="android.widget.TextView" package="lu.cfl.cflgo.qual" content-desc="" checkable="false" checked="false" clickable="false" enabled="true" focusable="false" focused="false" scrollable="false" long-clickable="false" password="false" selected="false" bounds="[869,741][1025,804]" /></node><node index="2" text="" resource-id="" class="android.view.ViewGroup" package="lu.cfl.cflgo.qual" content-desc=" Departure from Luxembourg at 12 11 PM without delay, arrival in Arlon, Gare routière at 12 35 PM without delay. Duration of journey 24 min. Route includes 2 connection: Train IC 4635, Walking path. Click to see details." checkable="false" checked="false" clickable="true" enabled="true" focusable="true" focused="false" scrollable="false" long-clickable="false" password="false" selected="false" bounds="[55,844][1025,1260]"><node index="0" text="12:11" resource-id="" class="android.widget.TextView" package="lu.cfl.cflgo.qual" content-desc="" checkable="false" checked="false" clickable="false" enabled="true" focusable="false" focused="false" scrollable="false" long-clickable="false" password="false" selected="false" bounds="[110,916][217,979]" /><node index="1" text="24 min" resource-id="" class="android.widget.TextView" package="lu.cfl.cflgo.qual" content-desc="" checkable="false" checked="false" clickable="false" enabled="true" focusable="false" focused="false" scrollable="false" long-clickable="false" password="false" selected="false" bounds="[481,916][597,940]" /><node index="2" text="12:35" resource-id="" class="android.widget.TextView" package="lu.cfl.cflgo.qual" content-desc="" checkable="false" checked="false" clickable="false" enabled="true" focusable="false" focused="false" scrollable="false" long-clickable="false" password="false" selected="false" bounds="[860,916][970,979]" /><node index="3" text="IC 4635" resource-id="" class="android.widget.TextView" package="lu.cfl.cflgo.qual" content-desc="" checkable="false" checked="false" clickable="false" enabled="true" focusable="false" focused="false" scrollable="false" long-clickable="false" password="false" selected="false" bounds="[188,1053][316,1101]" /><node index="4" text="Direct trip" resource-id="" class="android.widget.TextView" package="lu.cfl.cflgo.qual" content-desc="" checkable="false" checked="false" clickable="false" enabled="true" focusable="false" focused="false" scrollable="false" long-clickable="false" password="false" selected="false" bounds="[110,1152][303,1205]" /></node><node index="3" text="" resource-id="" class="android.view.ViewGroup" package="lu.cfl.cflgo.qual" content-desc=" Departure from Luxembourg at 12 23 PM without delay, arrival in Arlon, Gare routière at 12 58 PM without delay. Duration of journey 35 min. Route includes 2 connection: Train RB 5883, Walking path. Click to see details." checkable="false" checked="false" clickable="true" enabled="true" focusable="true" focused="false" scrollable="false" long-clickable="false" password="false" selected="false" bounds="[55,1260][1025,1676]"><node index="0" text="12:23" resource-id="" class="android.widget.TextView" package="lu.cfl.cflgo.qual" content-desc="" checkable="false" checked="false" clickable="false" enabled="true" focusable="false" focused="false" scrollable="false" long-clickable="false" password="false" selected="false" bounds="[110,1332][218,1395]" /><node index="1" text="35 min" resource-id="" class="android.widget.TextView" package="lu.cfl.cflgo.qual" content-desc="" checkable="false" checked="false" clickable="false" enabled="true" focusable="false" focused="false" scrollable="false" long-clickable="false" password="false" selected="false" bounds="[482,1332][595,1356]" /><node index="2" text="12:58" resource-id="" class="android.widget.TextView" package="lu.cfl.cflgo.qual" content-desc="" checkable="false" checked="false" clickable="false" enabled="true" focusable="false" focused="false" scrollable="false" long-clickable="false" password="false" selected="false" bounds="[859,1332][970,1395]" /><node index="3" text="RB 5883" resource-id="" class="android.widget.TextView" package="lu.cfl.cflgo.qual" content-desc="" checkable="false" checked="false" clickable="false" enabled="true" focusable="false" focused="false" scrollable="false" long-clickable="false" password="false" selected="false" bounds="[188,1469][322,1517]" /><node index="4" text="Direct trip" resource-id="" class="android.widget.TextView" package="lu.cfl.cflgo.qual" content-desc="" checkable="false" checked="false" clickable="false" enabled="true" focusable="false" focused="false" scrollable="false" long-clickable="false" password="false" selected="false" bounds="[110,1568][303,1621]" /></node><node index="4" text="" resource-id="" class="android.view.ViewGroup" package="lu.cfl.cflgo.qual" content-desc=" Departure from Luxembourg at 12 53 PM without delay, arrival in Arlon, Gare routière at 1 27 PM without delay. Duration of journey 34 min. Route includes 2 connection: Train RB 5932, Walking path. Click to see details." checkable="false" checked="false" clickable="true" enabled="true" focusable="true" focused="false" scrollable="false" long-clickable="false" password="false" selected="false" bounds="[55,1676][1025,1836]"><node index="0" text="12:53" resource-id="" class="android.widget.TextView" package="lu.cfl.cflgo.qual" content-desc="" checkable="false" checked="false" clickable="false" enabled="true" focusable="false" focused="false" scrollable="false" long-clickable="false" password="false" selected="false" bounds="[110,1748][220,1811]" /><node index="1" text="34 min" resource-id="" class="android.widget.TextView" package="lu.cfl.cflgo.qual" content-desc="" checkable="false" checked="false" clickable="false" enabled="true" focusable="false" focused="false" scrollable="false" long-clickable="false" password="false" selected="false" bounds="[483,1748][598,1772]" /><node index="2" text="13:27" resource-id="" class="android.widget.TextView" package="lu.cfl.cflgo.qual" content-desc="" checkable="false" checked="false" clickable="false" enabled="true" focusable="false" focused="false" scrollable="false" long-clickable="false" password="false" selected="false" bounds="[862,1748][970,1811]" /></node></node></node><node index="10" text="Search result page" resource-id="" class="android.widget.TextView" package="lu.cfl.cflgo.qual" content-desc="Search result page" checkable="false" checked="false" clickable="false" enabled="true" focusable="false" focused="false" scrollable="false" long-clickable="false" password="false" selected="false" bounds="[0,77][3,80]" /></node><node index="1" text="" resource-id="" class="android.view.View" package="lu.cfl.cflgo.qual" content-desc="" checkable="false" checked="false" clickable="false" enabled="true" focusable="false" focused="false" scrollable="false" long-clickable="false" password="false" selected="false" bounds="[28,1837][1053,2028]"><node index="0" text="" resource-id="" class="android.view.View" package="lu.cfl.cflgo.qual" content-desc="Tab Notifications  unselected, 2 sur 5" checkable="false" checked="false" clickable="true" enabled="true" focusable="true" focused="false" scrollable="false" long-clickable="false" password="false" selected="false" bounds="[34,1837][228,2002]" /><node index="1" text="" resource-id="" class="android.view.View" package="lu.cfl.cflgo.qual" content-desc="Tab Works  unselected, 3 sur 5" checkable="false" checked="false" clickable="true" enabled="true" focusable="true" focused="false" scrollable="false" long-clickable="false" password="false" selected="false" bounds="[239,1837][433,2002]" /><node index="2" text="" resource-id="" class="android.view.View" package="lu.cfl.cflgo.qual" content-desc="Tab layout_itineraries_accessibility_label  selected, 1 sur 5" checkable="false" checked="false" clickable="true" enabled="true" focusable="true" focused="false" scrollable="false" long-clickable="false" password="false" selected="true" bounds="[444,1837][638,1955]" /><node index="3" text="" resource-id="" class="android.view.View" package="lu.cfl.cflgo.qual" content-desc="Tab Tickets  unselected, 4 sur 5" checkable="false" checked="false" clickable="true" enabled="true" focusable="true" focused="false" scrollable="false" long-clickable="false" password="false" selected="false" bounds="[649,1837][843,2002]" /><node index="4" text="" resource-id="" class="android.view.View" package="lu.cfl.cflgo.qual" content-desc="Tab My C F L  unselected, 5 sur 5" checkable="false" checked="false" clickable="true" enabled="true" focusable="true" focused="false" scrollable="false" long-clickable="false" password="false" selected="false" bounds="[854,1837][1048,2002]" /></node></node></node></hierarchy>