<?xml version='1.0' encoding='UTF-8' standalone='yes' ?><hierarchy rotation="0"><node index="0" text="" resource-id="" class="android.widget.FrameLayout" package="lu.cfl.cflgo.qual" content-desc="" checkable="false" checked="false" clickable="false" enabled="true" focusable="false" focused="false" scrollable="false" long-clickable="false" password="false" selected="false" bounds="[100,646][980,1459]"><node index="0" text="Set time" resource-id="android:id/input_header" class="android.widget.TextView" package="lu.cfl.cflgo.qual" content-desc="" checkable="false" checked="false" clickable="false" enabled="true" focusable="false" focused="false" scrollable="false" long-clickable="false" password="false" selected="false" bounds="[144,690][936,910]" /><node index="1" text="Type in time" resource-id="android:id/top_label" class="android.widget.TextView" package="lu.cfl.cflgo.qual" content-desc="" checkable="false" checked="false" clickable="false" enabled="true" focusable="false" focused="false" scrollable="false" long-clickable="false" password="false" selected="false" bounds="[210,982][453,1041]" /><node index="2" text="12" resource-id="android:id/input_hour" class="android.widget.EditText" package="lu.cfl.cflgo.qual" content-desc="" checkable="false" checked="false" clickable="true" enabled="true" focusable="true" focused="false" scrollable="false" long-clickable="true" password="false" selected="false" bounds="[210,1063][348,1208]" /><node index="3" text=":" resource-id="android:id/input_separator" class="android.widget.TextView" package="lu.cfl.cflgo.qual" content-desc="" checkable="false" checked="false" clickable="false" enabled="true" focusable="false" focused="false" scrollable="false" long-clickable="false" password="false" selected="false" bounds="[332,1090][348,1178]" /><node index="4" text="10" resource-id="android:id/input_minute" class="android.widget.EditText" package="lu.cfl.cflgo.qual" content-desc="" checkable="false" checked="false" clickable="true" enabled="true" focusable="true" focused="false" scrollable="false" long-clickable="true" password="false" selected="false" bounds="[348,1063][486,1208]" /><node index="5" text="hour" resource-id="android:id/label_hour" class="android.widget.TextView" package="lu.cfl.cflgo.qual" content-desc="" checkable="false" checked="false" clickable="false" enabled="true" focusable="false" focused="false" scrollable="false" long-clickable="false" password="false" selected="false" bounds="[210,1208][288,1261]" /><node index="6" text="minute" resource-id="android:id/label_minute" class="android.widget.TextView" package="lu.cfl.cflgo.qual" content-desc="" checkable="false" checked="false" clickable="false" enabled="true" focusable="false" focused="false" scrollable="false" long-clickable="false" password="false" selected="false" bounds="[348,1208][469,1261]" /><node index="7" text="" resource-id="android:id/am_pm_spinner" class="android.widget.Spinner" package="lu.cfl.cflgo.qual" content-desc="" checkable="false" checked="false" clickable="true" enabled="true" focusable="true" focused="false" scrollable="true" long-clickable="true" password="false" selected="false" bounds="[627,1077][870,1209]"><node index="0" text="PM" resource-id="android:id/text1" class="android.widget.CheckedTextView" package="lu.cfl.cflgo.qual" content-desc="" checkable="true" checked="false" clickable="false" enabled="true" focusable="false" focused="false" scrollable="false" long-clickable="false" password="false" selected="false" bounds="[627,1077][738,1209]" /></node><node index="8" text="" resource-id="android:id/toggle_mode" class="android.widget.ImageButton" package="lu.cfl.cflgo.qual" content-desc="Switch to clock mode for the time input." checkable="false" checked="false" clickable="true" enabled="true" focusable="true" focused="false" scrollable="false" long-clickable="false" password="false" selected="false" bounds="[177,1272][309,1404]" /><node index="9" text="" resource-id="android:id/buttonPanel" class="android.widget.ScrollView" package="lu.cfl.cflgo.qual" content-desc="" checkable="false" checked="false" clickable="false" enabled="true" focusable="true" focused="false" scrollable="false" long-clickable="false" password="false" selected="false" bounds="[481,1261][936,1415]"><node index="0" text="CANCEL" resource-id="android:id/button2" class="android.widget.Button" package="lu.cfl.cflgo.qual" content-desc="" checkable="false" checked="false" clickable="true" enabled="true" focusable="true" focused="false" scrollable="false" long-clickable="false" password="false" selected="false" bounds="[514,1272][727,1404]" /><node index="1" text="OK" resource-id="android:id/button1" class="android.widget.Button" package="lu.cfl.cflgo.qual" content-desc="" checkable="false" checked="false" clickable="true" enabled="true" focusable="true" focused="false" scrollable="false" long-clickable="false" password="false" selected="false" bounds="[727,1272][903,1404]" /></node></node></hierarchy>