<?xml version='1.0' encoding='UTF-8' standalone='yes' ?><hierarchy rotation="0"><node index="0" text="" resource-id="" class="android.widget.FrameLayout" package="lu.cfl.cflgo.qual" content-desc="" checkable="false" checked="false" clickable="false" enabled="true" focusable="false" focused="false" scrollable="false" long-clickable="false" password="false" selected="false" bounds="[0,0][1080,2028]"><node index="0" text="" resource-id="" class="android.widget.Button" package="lu.cfl.cflgo.qual" content-desc="Bottom sheet backdrop" checkable="false" checked="false" clickable="true" enabled="true" focusable="true" focused="false" scrollable="false" long-clickable="false" password="false" selected="false" bounds="[0,0][1080,2028]" /><node index="1" text="" resource-id="" class="android.widget.SeekBar" package="lu.cfl.cflgo.qual" content-desc="Bottom Sheet" checkable="false" checked="false" clickable="false" enabled="true" focusable="true" focused="false" scrollable="false" long-clickable="false" password="false" selected="false" bounds="[0,203][1080,2028]" /><node index="2" text="" resource-id="" class="android.widget.SeekBar" package="lu.cfl.cflgo.qual" content-desc="Bottom sheet handle" checkable="false" checked="false" clickable="false" enabled="true" focusable="true" focused="false" scrollable="false" long-clickable="false" password="false" selected="false" bounds="[0,203][1080,269]" /><node index="3" text="" resource-id="" class="android.widget.SeekBar" package="lu.cfl.cflgo.qual" content-desc="Bottom Sheet" checkable="false" checked="false" clickable="false" enabled="true" focusable="false" focused="false" scrollable="false" long-clickable="false" password="false" selected="false" bounds="[0,269][1080,2028]"><node index="0" text="" resource-id="" class="android.widget.Button" package="lu.cfl.cflgo.qual" content-desc="Cancel" checkable="false" checked="false" clickable="true" enabled="true" focusable="true" focused="false" scrollable="false" long-clickable="false" password="false" selected="false" bounds="[934,269][981,316]" /><node index="1" text="" resource-id="" class="android.widget.ScrollView" package="lu.cfl.cflgo.qual" content-desc="" checkable="false" checked="false" clickable="false" enabled="true" focusable="true" focused="false" scrollable="true" long-clickable="false" password="false" selected="false" bounds="[0,316][1080,2028]"><node index="0" text="Select the date and time" resource-id="" class="android.widget.TextView" package="lu.cfl.cflgo.qual" content-desc="" checkable="false" checked="false" clickable="false" enabled="true" focusable="false" focused="false" scrollable="false" long-clickable="false" password="false" selected="false" bounds="[99,415][981,486]" /><node index="1" text="" resource-id="" class="android.view.ViewGroup" package="lu.cfl.cflgo.qual" content-desc="Tab Departure  selected, 1 sur 2" checkable="false" checked="false" clickable="true" enabled="true" focusable="true" focused="false" scrollable="false" long-clickable="false" password="false" selected="false" bounds="[183,547][540,696]"><node index="0" text="Departure" resource-id="" class="android.widget.TextView" package="lu.cfl.cflgo.qual" content-desc="Tab Departure  selected, 1 sur 2" checkable="false" checked="false" clickable="false" enabled="true" focusable="false" focused="false" scrollable="false" long-clickable="false" password="false" selected="false" bounds="[262,594][462,649]" /></node><node index="2" text="" resource-id="" class="android.view.ViewGroup" package="lu.cfl.cflgo.qual" content-desc="Tab Arrival  unselected, 2 sur 2" checkable="false" checked="false" clickable="true" enabled="true" focusable="true" focused="false" scrollable="false" long-clickable="false" password="false" selected="false" bounds="[540,547][898,696]"><node index="0" text="Arrival" resource-id="" class="android.widget.TextView" package="lu.cfl.cflgo.qual" content-desc="Tab Arrival  unselected, 2 sur 2" checkable="false" checked="false" clickable="false" enabled="true" focusable="false" focused="false" scrollable="false" long-clickable="false" password="false" selected="false" bounds="[655,595][782,648]" /></node><node index="3" text="" resource-id="" class="android.view.ViewGroup" package="lu.cfl.cflgo.qual" content-desc="Date, 13/01/2026" checkable="false" checked="false" clickable="true" enabled="true" focusable="true" focused="false" scrollable="false" long-clickable="false" password="false" selected="false" bounds="[99,750][981,973]"><node index="0" text="Date" resource-id="" class="android.widget.TextView" package="lu.cfl.cflgo.qual" content-desc="" checkable="false" checked="false" clickable="false" enabled="true" focusable="false" focused="false" scrollable="false" long-clickable="false" password="false" selected="false" bounds="[99,750][981,803]" /><node index="1" text="13/01/2026" resource-id="" class="android.widget.TextView" package="lu.cfl.cflgo.qual" content-desc="" checkable="false" checked="false" clickable="false" enabled="true" focusable="false" focused="false" scrollable="false" long-clickable="false" password="false" selected="false" bounds="[99,847][981,900]" /></node><node index="4" text="" resource-id="" class="android.view.ViewGroup" package="lu.cfl.cflgo.qual" content-desc="Time, 12:10" checkable="false" checked="false" clickable="true" enabled="true" focusable="true" focused="false" scrollable="false" long-clickable="false" password="false" selected="false" bounds="[99,974][981,1170]"><node index="0" text="Time" resource-id="" class="android.widget.TextView" package="lu.cfl.cflgo.qual" content-desc="" checkable="false" checked="false" clickable="false" enabled="true" focusable="false" focused="false" scrollable="false" long-clickable="false" password="false" selected="false" bounds="[99,974][981,1027]" /><node index="1" text="12:10" resource-id="" class="android.widget.TextView" package="lu.cfl.cflgo.qual" content-desc="" checkable="false" checked="false" clickable="false" enabled="true" focusable="false" focused="false" scrollable="false" long-clickable="false" password="false" selected="false" bounds="[99,1071][981,1124]" /></node><node index="5" text="" resource-id="itineraries_leaveNow" class="android.widget.Button" package="lu.cfl.cflgo.qual" content-desc="Leave now" checkable="false" checked="false" clickable="true" enabled="true" focusable="true" focused="false" scrollable="false" long-clickable="false" password="false" selected="false" bounds="[99,1225][539,1363]"><node index="0" text="Leave now" resource-id="" class="android.widget.TextView" package="lu.cfl.cflgo.qual" content-desc="" checkable="false" checked="false" clickable="false" enabled="true" focusable="false" focused="false" scrollable="false" long-clickable="false" password="false" selected="false" bounds="[212,1265][425,1322]" /></node><node index="6" text="" resource-id="" class="android.widget.Button" package="lu.cfl.cflgo.qual" content-desc="Apply" checkable="false" checked="false" clickable="true" enabled="true" focusable="true" focused="false" scrollable="false" long-clickable="false" password="false" selected="false" bounds="[552,1225][981,1363]"><node index="0" text="Apply" resource-id="" class="android.widget.TextView" package="lu.cfl.cflgo.qual" content-desc="" checkable="false" checked="false" clickable="false" enabled="true" focusable="false" focused="false" scrollable="false" long-clickable="false" password="false" selected="false" bounds="[709,1265][824,1322]" /></node></node></node><node index="4" text="" resource-id="" class="android.view.ViewGroup" package="lu.cfl.cflgo.qual" content-desc="" checkable="false" checked="false" clickable="false" enabled="true" focusable="false" focused="false" scrollable="false" long-clickable="false" password="false" selected="false" bounds="[0,0][1080,2028]"><node index="0" text="" resource-id="" class="android.view.ViewGroup" package="lu.cfl.cflgo.qual" content-desc="" checkable="false" checked="false" clickable="false" enabled="true" focusable="false" focused="false" scrollable="false" long-clickable="false" password="false" selected="false" bounds="[0,0][1080,1836]"><node index="0" text="" resource-id="cfl_WomanTest" class="android.view.ViewGroup" package="lu.cfl.cflgo.qual" content-desc="" checkable="false" checked="false" clickable="false" enabled="true" focusable="false" focused="false" scrollable="false" long-clickable="false" password="false" selected="false" bounds="[0,77][1080,347]"><node index="0" text="" resource-id="" class="android.view.ViewGroup" package="lu.cfl.cflgo.qual" content-desc="" checkable="false" checked="false" clickable="false" enabled="true" focusable="true" focused="false" scrollable="false" long-clickable="false" password="false" selected="false" bounds="[55,77][721,313]"><node index="0" text="Hello !" resource-id="" class="android.widget.TextView" package="lu.cfl.cflgo.qual" content-desc="" checkable="false" checked="false" clickable="false" enabled="true" focusable="false" focused="false" scrollable="false" long-clickable="false" password="false" selected="false" bounds="[55,77][721,136]" /><node index="1" text="CFL mobile home page. Route search form." resource-id="" class="android.widget.TextView" package="lu.cfl.cflgo.qual" content-desc="CFL mobile home page. Route search form." checkable="false" checked="false" clickable="false" enabled="true" focusable="false" focused="false" scrollable="false" long-clickable="false" password="false" selected="false" bounds="[55,77][58,80]" /><node index="2" text="Where do you want to go?" resource-id="" class="android.widget.TextView" package="lu.cfl.cflgo.qual" content-desc="" checkable="false" checked="false" clickable="false" enabled="true" focusable="false" focused="false" scrollable="false" long-clickable="false" password="false" selected="false" bounds="[55,136][721,313]" /></node></node><node index="1" text="" resource-id="" class="android.widget.ScrollView" package="lu.cfl.cflgo.qual" content-desc="" checkable="false" checked="false" clickable="false" enabled="true" focusable="true" focused="false" scrollable="true" long-clickable="false" password="false" selected="false" bounds="[47,347][1033,1836]"><node index="0" text="" resource-id="ticketTest" class="android.view.ViewGroup" package="lu.cfl.cflgo.qual" content-desc="" checkable="false" checked="false" clickable="false" enabled="true" focusable="false" focused="false" scrollable="false" long-clickable="false" password="false" selected="false" bounds="[47,347][1033,1447]"><node index="0" text="" resource-id="" class="android.widget.Button" package="lu.cfl.cflgo.qual" content-desc="From field." checkable="false" checked="false" clickable="true" enabled="true" focusable="true" focused="false" scrollable="false" long-clickable="false" password="false" selected="false" bounds="[86,392][994,527]"><node index="0" text="From" resource-id="" class="android.widget.TextView" package="lu.cfl.cflgo.qual" content-desc="" checkable="false" checked="false" clickable="false" enabled="true" focusable="false" focused="false" scrollable="false" long-clickable="false" password="false" selected="false" bounds="[122,431][226,488]" /><node index="1" text="Luxembourg" resource-id="inputTicketFrom" class="android.widget.TextView" package="lu.cfl.cflgo.qual" content-desc="" checkable="false" checked="false" clickable="false" enabled="true" focusable="false" focused="false" scrollable="false" long-clickable="false" password="false" selected="false" bounds="[245,433][486,486]" /></node><node index="1" text="" resource-id="" class="android.widget.Button" package="lu.cfl.cflgo.qual" content-desc="To field." checkable="false" checked="false" clickable="true" enabled="true" focusable="true" focused="false" scrollable="false" long-clickable="false" password="false" selected="false" bounds="[86,565][994,699]"><node index="0" text="To" resource-id="" class="android.widget.TextView" package="lu.cfl.cflgo.qual" content-desc="" checkable="false" checked="false" clickable="false" enabled="true" focusable="false" focused="false" scrollable="false" long-clickable="false" password="false" selected="false" bounds="[122,604][170,661]" /><node index="1" text="Arlon, Gare routière" resource-id="inputTicketTo" class="android.widget.TextView" package="lu.cfl.cflgo.qual" content-desc="" checkable="false" checked="false" clickable="false" enabled="true" focusable="false" focused="false" scrollable="false" long-clickable="false" password="false" selected="false" bounds="[189,606][565,659]" /></node><node index="2" text="" resource-id="" class="android.widget.Button" package="lu.cfl.cflgo.qual" content-desc="Swap departure and arrival" checkable="false" checked="false" clickable="true" enabled="true" focusable="true" focused="false" scrollable="false" long-clickable="false" password="false" selected="false" bounds="[869,485][990,606]" /><node index="3" text="" resource-id="" class="android.widget.Button" package="lu.cfl.cflgo.qual" content-desc="Time field." checkable="false" checked="false" clickable="true" enabled="true" focusable="true" focused="false" scrollable="false" long-clickable="false" password="false" selected="false" bounds="[86,838][994,973]"><node index="0" text="Departure" resource-id="" class="android.widget.TextView" package="lu.cfl.cflgo.qual" content-desc="" checkable="false" checked="false" clickable="false" enabled="true" focusable="false" focused="false" scrollable="false" long-clickable="false" password="false" selected="false" bounds="[122,877][327,934]" /><node index="1" text="now" resource-id="" class="android.widget.TextView" package="lu.cfl.cflgo.qual" content-desc="" checkable="false" checked="false" clickable="false" enabled="true" focusable="false" focused="false" scrollable="false" long-clickable="false" password="false" selected="false" bounds="[346,879][424,932]" /></node><node index="4" text="" resource-id="" class="android.widget.Button" package="lu.cfl.cflgo.qual" content-desc="Start search" checkable="false" checked="false" clickable="true" enabled="true" focusable="true" focused="false" scrollable="false" long-clickable="false" password="false" selected="false" bounds="[82,1008][1000,1140]"><node index="0" text="Search" resource-id="" class="android.widget.TextView" package="lu.cfl.cflgo.qual" content-desc="" checkable="false" checked="false" clickable="false" enabled="true" focusable="false" focused="false" scrollable="false" long-clickable="false" password="false" selected="false" bounds="[472,1046][610,1103]" /></node><node index="5" text="My search favorite" resource-id="" class="android.view.View" package="lu.cfl.cflgo.qual" content-desc="" checkable="false" checked="false" clickable="false" enabled="true" focusable="false" focused="false" scrollable="false" long-clickable="false" password="false" selected="false" bounds="[102,1263][978,1326]" /><node index="6" text="Launch a search and add it to your favorites" resource-id="" class="android.widget.TextView" package="lu.cfl.cflgo.qual" content-desc="" checkable="false" checked="false" clickable="false" enabled="true" focusable="false" focused="false" scrollable="false" long-clickable="false" password="false" selected="false" bounds="[102,1367][978,1412]" /></node></node></node><node index="1" text="" resource-id="" class="android.view.View" package="lu.cfl.cflgo.qual" content-desc="" checkable="false" checked="false" clickable="false" enabled="true" focusable="false" focused="false" scrollable="false" long-clickable="false" password="false" selected="false" bounds="[28,1837][1053,2028]"><node index="0" text="" resource-id="" class="android.view.View" package="lu.cfl.cflgo.qual" content-desc="Tab Notifications  unselected, 2 sur 5" checkable="false" checked="false" clickable="true" enabled="true" focusable="true" focused="false" scrollable="false" long-clickable="false" password="false" selected="false" bounds="[34,1837][228,2002]" /><node index="1" text="" resource-id="" class="android.view.View" package="lu.cfl.cflgo.qual" content-desc="Tab Works  unselected, 3 sur 5" checkable="false" checked="false" clickable="true" enabled="true" focusable="true" focused="false" scrollable="false" long-clickable="false" password="false" selected="false" bounds="[239,1837][433,2002]" /><node index="2" text="" resource-id="" class="android.view.View" package="lu.cfl.cflgo.qual" content-desc="Tab layout_itineraries_accessibility_label  selected, 1 sur 5" checkable="false" checked="false" clickable="true" enabled="true" focusable="true" focused="false" scrollable="false" long-clickable="false" password="false" selected="true" bounds="[444,1837][638,1955]" /><node index="3" text="" resource-id="" class="android.view.View" package="lu.cfl.cflgo.qual" content-desc="Tab Tickets  unselected, 4 sur 5" checkable="false" checked="false" clickable="true" enabled="true" focusable="true" focused="false" scrollable="false" long-clickable="false" password="false" selected="false" bounds="[649,1837][843,2002]" /><node index="4" text="" resource-id="" class="android.view.View" package="lu.cfl.cflgo.qual" content-desc="Tab My C F L  unselected, 5 sur 5" checkable="false" checked="false" clickable="true" enabled="true" focusable="true" focused="false" scrollable="false" long-clickable="false" password="false" selected="false" bounds="[854,1837][1048,2002]" /></node></node></node></hierarchy>