<?xml version='1.0' encoding='UTF-8' standalone='yes' ?><hierarchy rotation="0"><node index="0" text="" resource-id="" class="android.widget.FrameLayout" package="de.hafas.android.cfl" content-desc="" checkable="false" checked="false" clickable="false" enabled="true" focusable="false" focused="false" scrollable="false" long-clickable="false" password="false" selected="false" bounds="[0,0][1080,2028]"><node index="0" text="" resource-id="de.hafas.android.cfl:id/drawer_layout" class="androidx.drawerlayout.widget.DrawerLayout" package="de.hafas.android.cfl" content-desc="" checkable="false" checked="false" clickable="false" enabled="true" focusable="false" focused="false" scrollable="false" long-clickable="false" password="false" selected="false" bounds="[0,0][1080,2028]"><node index="0" text="" resource-id="de.hafas.android.cfl:id/main_container" class="android.widget.LinearLayout" package="de.hafas.android.cfl" content-desc="" checkable="false" checked="false" clickable="false" enabled="true" focusable="false" focused="false" scrollable="false" long-clickable="false" password="false" selected="false" bounds="[0,0][1080,2028]"><node index="0" text="" resource-id="de.hafas.android.cfl:id/toolbar" class="android.view.ViewGroup" package="de.hafas.android.cfl" content-desc="" checkable="false" checked="false" clickable="false" enabled="true" focusable="false" focused="false" scrollable="false" long-clickable="false" password="false" selected="false" bounds="[0,0][1080,231]"><node index="0" text="" resource-id="" class="android.widget.ImageButton" package="de.hafas.android.cfl" content-desc="Navigate up" checkable="false" checked="false" clickable="true" enabled="true" focusable="true" focused="false" scrollable="false" long-clickable="false" password="false" selected="false" bounds="[0,77][154,231]" /><node index="1" text="Details" resource-id="" class="android.widget.TextView" package="de.hafas.android.cfl" content-desc="" checkable="false" checked="false" clickable="false" enabled="true" focusable="false" focused="false" scrollable="false" long-clickable="false" password="false" selected="false" bounds="[198,117][367,191]" /><node index="2" text="" resource-id="de.hafas.android.cfl:string/haf_show_map" class="android.widget.Button" package="de.hafas.android.cfl" content-desc="Map view" checkable="false" checked="false" clickable="true" enabled="true" focusable="true" focused="false" scrollable="false" long-clickable="false" password="false" selected="false" bounds="[948,88][1080,220]" /></node><node index="1" text="" resource-id="de.hafas.android.cfl:id/connection_detail_head_pager" class="androidx.viewpager.widget.ViewPager" package="de.hafas.android.cfl" content-desc="" checkable="false" checked="false" clickable="false" enabled="true" focusable="false" focused="false" scrollable="true" long-clickable="false" password="false" selected="false" bounds="[0,231][1080,576]"><node index="0" text="" resource-id="de.hafas.android.cfl:id/connection_detail_head" class="android.widget.RelativeLayout" package="de.hafas.android.cfl" content-desc="Friday, 01.09.2026 Trip at 2:50pm; . with arrival at 4:18pm; . Duration: 1 hour 28 minutes.  with R E 6964, Transfer, R B 4715, Transfer, 5964;2 changes. &#10;&#10;" checkable="false" checked="false" clickable="false" enabled="true" focusable="true" focused="false" scrollable="false" long-clickable="false" password="false" selected="false" bounds="[0,231][1080,576]" /></node><node index="2" text="" resource-id="de.hafas.android.cfl:id/connection_detail_head_pager_indicator" class="android.widget.HorizontalScrollView" package="de.hafas.android.cfl" content-desc="" checkable="false" checked="false" clickable="false" enabled="true" focusable="true" focused="false" scrollable="false" long-clickable="false" password="false" selected="false" bounds="[0,576][1080,620]"><node index="0" text="" resource-id="" class="android.widget.LinearLayout" package="de.hafas.android.cfl" content-desc="" checkable="false" checked="false" clickable="false" enabled="true" focusable="true" focused="false" scrollable="false" long-clickable="false" password="false" selected="true" bounds="[490,576][523,620]" /><node NAF="true" index="1" text="" resource-id="" class="android.widget.LinearLayout" package="de.hafas.android.cfl" content-desc="" checkable="false" checked="false" clickable="true" enabled="true" focusable="true" focused="false" scrollable="false" long-clickable="false" password="false" selected="false" bounds="[523,576][556,620]" /><node NAF="true" index="2" text="" resource-id="" class="android.widget.LinearLayout" package="de.hafas.android.cfl" content-desc="" checkable="false" checked="false" clickable="true" enabled="true" focusable="true" focused="false" scrollable="false" long-clickable="false" password="false" selected="false" bounds="[556,576][589,620]" /></node><node index="3" text="" resource-id="de.hafas.android.cfl:id/scroll_content_container" class="android.widget.ScrollView" package="de.hafas.android.cfl" content-desc="" checkable="false" checked="false" clickable="false" enabled="true" focusable="true" focused="false" scrollable="true" long-clickable="false" password="false" selected="false" bounds="[0,620][1080,2028]"><node index="0" text="" resource-id="de.hafas.android.cfl:id/button_push" class="android.widget.RelativeLayout" package="de.hafas.android.cfl" content-desc="" checkable="false" checked="false" clickable="true" enabled="true" focusable="true" focused="false" scrollable="false" long-clickable="false" password="false" selected="false" bounds="[44,637][292,846]"><node index="0" text="Alarm" resource-id="de.hafas.android.cfl:id/quickaction_button" class="android.widget.Button" package="de.hafas.android.cfl" content-desc="" checkable="false" checked="false" clickable="false" enabled="true" focusable="true" focused="false" scrollable="false" long-clickable="false" password="false" selected="false" bounds="[44,637][292,846]" /></node><node index="1" text="" resource-id="de.hafas.android.cfl:id/button_export" class="android.widget.RelativeLayout" package="de.hafas.android.cfl" content-desc="" checkable="false" checked="false" clickable="true" enabled="true" focusable="true" focused="false" scrollable="false" long-clickable="false" password="false" selected="false" bounds="[292,637][540,846]"><node index="0" text="Share" resource-id="de.hafas.android.cfl:id/quickaction_button" class="android.widget.Button" package="de.hafas.android.cfl" content-desc="" checkable="false" checked="false" clickable="false" enabled="true" focusable="true" focused="false" scrollable="false" long-clickable="false" password="false" selected="false" bounds="[292,637][540,846]" /></node><node index="2" text="" resource-id="de.hafas.android.cfl:id/button_calendar" class="android.widget.RelativeLayout" package="de.hafas.android.cfl" content-desc="" checkable="false" checked="false" clickable="true" enabled="true" focusable="true" focused="false" scrollable="false" long-clickable="false" password="false" selected="false" bounds="[540,637][788,846]"><node index="0" text="Calendar" resource-id="de.hafas.android.cfl:id/quickaction_button" class="android.widget.Button" package="de.hafas.android.cfl" content-desc="" checkable="false" checked="false" clickable="false" enabled="true" focusable="true" focused="false" scrollable="false" long-clickable="false" password="false" selected="false" bounds="[540,637][788,846]" /></node><node index="3" text="" resource-id="de.hafas.android.cfl:id/button_action_favorite" class="android.widget.RelativeLayout" package="de.hafas.android.cfl" content-desc="" checkable="false" checked="false" clickable="true" enabled="true" focusable="true" focused="false" scrollable="false" long-clickable="false" password="false" selected="false" bounds="[788,637][1036,846]"><node index="0" text="Save" resource-id="de.hafas.android.cfl:id/quickaction_button" class="android.widget.Button" package="de.hafas.android.cfl" content-desc="" checkable="false" checked="false" clickable="false" enabled="true" focusable="true" focused="false" scrollable="false" long-clickable="false" password="false" selected="false" bounds="[788,637][1036,846]" /></node><node index="4" text="" resource-id="" class="android.view.ViewGroup" package="de.hafas.android.cfl" content-desc="Station Luxembourg  Departure at 2:50pm  from Platform 13 &#10;&#10;" checkable="false" checked="false" clickable="true" enabled="true" focusable="true" focused="false" scrollable="false" long-clickable="false" password="false" selected="false" bounds="[0,849][1080,979]"><node index="0" text="2:50pm" resource-id="de.hafas.android.cfl:id/stoptime_departure" class="android.widget.TextView" package="de.hafas.android.cfl" content-desc="2:50pm" checkable="false" checked="false" clickable="false" enabled="true" focusable="false" focused="false" scrollable="false" long-clickable="false" password="false" selected="false" bounds="[83,886][276,939]" /><node index="1" text="Luxembourg" resource-id="de.hafas.android.cfl:id/text_message" class="android.widget.TextView" package="de.hafas.android.cfl" content-desc="" checkable="false" checked="false" clickable="false" enabled="true" focusable="false" focused="false" scrollable="false" long-clickable="false" password="false" selected="false" bounds="[287,886][506,939]" /><node index="2" text="Pl. 13" resource-id="de.hafas.android.cfl:id/text_platform_departure" class="android.widget.TextView" package="de.hafas.android.cfl" content-desc="" checkable="false" checked="false" clickable="false" enabled="true" focusable="false" focused="false" scrollable="false" long-clickable="false" password="false" selected="false" bounds="[905,886][1036,939]" /></node><node index="5" text="" resource-id="" class="android.widget.LinearLayout" package="de.hafas.android.cfl" content-desc="" checkable="false" checked="false" clickable="true" enabled="true" focusable="false" focused="false" scrollable="false" long-clickable="false" password="false" selected="false" bounds="[0,979][1080,1155]"><node index="0" text="" resource-id="" class="android.widget.LinearLayout" package="de.hafas.android.cfl" content-desc="Travel with R E 6964;  To  Rodange; 44 minutes, 8 Stops; " checkable="false" checked="false" clickable="true" enabled="true" focusable="true" focused="false" scrollable="false" long-clickable="false" password="false" selected="false" bounds="[0,979][1080,1155]"><node index="0" text="RE 6964" resource-id="de.hafas.android.cfl:id/text_line_name" class="android.widget.TextView" package="de.hafas.android.cfl" content-desc="" checkable="false" checked="false" clickable="false" enabled="true" focusable="false" focused="false" scrollable="false" long-clickable="false" password="false" selected="false" bounds="[287,1011][440,1060]" /><node index="1" text="→ Rodange" resource-id="de.hafas.android.cfl:id/text_direction" class="android.widget.TextView" package="de.hafas.android.cfl" content-desc="" checkable="false" checked="false" clickable="false" enabled="true" focusable="false" focused="false" scrollable="false" long-clickable="false" password="false" selected="false" bounds="[462,1009][682,1062]" /><node index="2" text="" resource-id="de.hafas.android.cfl:id/button_right_action" class="android.widget.ImageButton" package="de.hafas.android.cfl" content-desc="Show intermediate stops" checkable="false" checked="false" clickable="true" enabled="true" focusable="true" focused="false" scrollable="false" long-clickable="false" password="false" selected="false" bounds="[948,1001][1080,1070]" /><node index="3" text="44 min, 8 Stops" resource-id="de.hafas.android.cfl:id/text_product_infos" class="android.widget.TextView" package="de.hafas.android.cfl" content-desc="" checkable="false" checked="false" clickable="false" enabled="true" focusable="false" focused="false" scrollable="false" long-clickable="false" password="false" selected="false" bounds="[287,1081][948,1130]" /></node></node><node index="6" text="" resource-id="" class="android.view.ViewGroup" package="de.hafas.android.cfl" content-desc="Station Pétange  Arrival 3:34pm  at Platform 1 &#10;&#10;" checkable="false" checked="false" clickable="true" enabled="true" focusable="true" focused="false" scrollable="false" long-clickable="false" password="false" selected="false" bounds="[0,1155][1080,1285]"><node index="0" text="3:34pm" resource-id="de.hafas.android.cfl:id/stoptime_arrival" class="android.widget.TextView" package="de.hafas.android.cfl" content-desc="3:34pm" checkable="false" checked="false" clickable="false" enabled="true" focusable="false" focused="false" scrollable="false" long-clickable="false" password="false" selected="false" bounds="[83,1192][276,1245]" /><node index="1" text="Pétange" resource-id="de.hafas.android.cfl:id/text_message" class="android.widget.TextView" package="de.hafas.android.cfl" content-desc="" checkable="false" checked="false" clickable="false" enabled="true" focusable="false" focused="false" scrollable="false" long-clickable="false" password="false" selected="false" bounds="[287,1192][432,1245]" /><node index="2" text="Pl. 1" resource-id="de.hafas.android.cfl:id/text_platform_arrival" class="android.widget.TextView" package="de.hafas.android.cfl" content-desc="" checkable="false" checked="false" clickable="false" enabled="true" focusable="false" focused="false" scrollable="false" long-clickable="false" password="false" selected="false" bounds="[927,1192][1036,1245]" /></node><node index="7" text="" resource-id="" class="android.widget.LinearLayout" package="de.hafas.android.cfl" content-desc=" Transfer: 10 minutes; " checkable="false" checked="false" clickable="false" enabled="true" focusable="false" focused="false" scrollable="false" long-clickable="false" password="false" selected="false" bounds="[0,1285][1080,1401]"><node index="0" text="Transfer: 10 minutes" resource-id="de.hafas.android.cfl:id/text_direction" class="android.widget.TextView" package="de.hafas.android.cfl" content-desc="" checkable="false" checked="false" clickable="false" enabled="true" focusable="false" focused="false" scrollable="false" long-clickable="false" password="false" selected="false" bounds="[287,1315][646,1368]" /></node><node index="8" text="" resource-id="" class="android.view.ViewGroup" package="de.hafas.android.cfl" content-desc="Station Pétange  Departure at 3:44pm  from Platform 1 &#10;&#10;" checkable="false" checked="false" clickable="true" enabled="true" focusable="true" focused="false" scrollable="false" long-clickable="false" password="false" selected="false" bounds="[0,1401][1080,1531]"><node index="0" text="3:44pm" resource-id="de.hafas.android.cfl:id/stoptime_departure" class="android.widget.TextView" package="de.hafas.android.cfl" content-desc="3:44pm" checkable="false" checked="false" clickable="false" enabled="true" focusable="false" focused="false" scrollable="false" long-clickable="false" password="false" selected="false" bounds="[83,1438][276,1491]" /><node index="1" text="Pétange" resource-id="de.hafas.android.cfl:id/text_message" class="android.widget.TextView" package="de.hafas.android.cfl" content-desc="" checkable="false" checked="false" clickable="false" enabled="true" focusable="false" focused="false" scrollable="false" long-clickable="false" password="false" selected="false" bounds="[287,1438][432,1491]" /><node index="2" text="Pl. 1" resource-id="de.hafas.android.cfl:id/text_platform_departure" class="android.widget.TextView" package="de.hafas.android.cfl" content-desc="" checkable="false" checked="false" clickable="false" enabled="true" focusable="false" focused="false" scrollable="false" long-clickable="false" password="false" selected="false" bounds="[927,1438][1036,1491]" /></node><node index="9" text="" resource-id="" class="android.widget.LinearLayout" package="de.hafas.android.cfl" content-desc="" checkable="false" checked="false" clickable="true" enabled="true" focusable="false" focused="false" scrollable="false" long-clickable="false" password="false" selected="false" bounds="[0,1531][1080,1756]"><node index="0" text="" resource-id="" class="android.widget.LinearLayout" package="de.hafas.android.cfl" content-desc="Travel with R B 4715;  To  Athus (Belgium); 11 minutes, 3 Stops; Alternatives every 30 min; " checkable="false" checked="false" clickable="true" enabled="true" focusable="true" focused="false" scrollable="false" long-clickable="false" password="false" selected="false" bounds="[0,1531][1080,1756]"><node index="0" text="RB 4715" resource-id="de.hafas.android.cfl:id/text_line_name" class="android.widget.TextView" package="de.hafas.android.cfl" content-desc="" checkable="false" checked="false" clickable="false" enabled="true" focusable="false" focused="false" scrollable="false" long-clickable="false" password="false" selected="false" bounds="[287,1563][442,1612]" /><node index="1" text="→ Athus (Belgium)" resource-id="de.hafas.android.cfl:id/text_direction" class="android.widget.TextView" package="de.hafas.android.cfl" content-desc="" checkable="false" checked="false" clickable="false" enabled="true" focusable="false" focused="false" scrollable="false" long-clickable="false" password="false" selected="false" bounds="[464,1561][814,1614]" /><node index="2" text="" resource-id="de.hafas.android.cfl:id/button_right_action" class="android.widget.ImageButton" package="de.hafas.android.cfl" content-desc="Show intermediate stops" checkable="false" checked="false" clickable="true" enabled="true" focusable="true" focused="false" scrollable="false" long-clickable="false" password="false" selected="false" bounds="[948,1553][1080,1622]" /><node index="3" text="11 min, 3 Stops" resource-id="de.hafas.android.cfl:id/text_product_infos" class="android.widget.TextView" package="de.hafas.android.cfl" content-desc="" checkable="false" checked="false" clickable="false" enabled="true" focusable="false" focused="false" scrollable="false" long-clickable="false" password="false" selected="false" bounds="[287,1633][948,1682]" /><node index="4" text="Alternatives every 30 min" resource-id="de.hafas.android.cfl:id/text_product_cycle" class="android.widget.TextView" package="de.hafas.android.cfl" content-desc="" checkable="false" checked="false" clickable="false" enabled="true" focusable="false" focused="false" scrollable="false" long-clickable="false" password="false" selected="false" bounds="[287,1682][948,1731]" /></node></node><node index="10" text="" resource-id="" class="android.view.ViewGroup" package="de.hafas.android.cfl" content-desc="Station Athus (Belgium)  Arrival 3:55pm  at Platform 2 &#10;&#10;" checkable="false" checked="false" clickable="true" enabled="true" focusable="true" focused="false" scrollable="false" long-clickable="false" password="false" selected="false" bounds="[0,1756][1080,1886]"><node index="0" text="3:55pm" resource-id="de.hafas.android.cfl:id/stoptime_arrival" class="android.widget.TextView" package="de.hafas.android.cfl" content-desc="3:55pm" checkable="false" checked="false" clickable="false" enabled="true" focusable="false" focused="false" scrollable="false" long-clickable="false" password="false" selected="false" bounds="[83,1793][276,1846]" /><node index="1" text="Athus (Belgium)" resource-id="de.hafas.android.cfl:id/text_message" class="android.widget.TextView" package="de.hafas.android.cfl" content-desc="" checkable="false" checked="false" clickable="false" enabled="true" focusable="false" focused="false" scrollable="false" long-clickable="false" password="false" selected="false" bounds="[287,1793][572,1846]" /><node index="2" text="Pl. 2" resource-id="de.hafas.android.cfl:id/text_platform_arrival" class="android.widget.TextView" package="de.hafas.android.cfl" content-desc="" checkable="false" checked="false" clickable="false" enabled="true" focusable="false" focused="false" scrollable="false" long-clickable="false" password="false" selected="false" bounds="[927,1793][1036,1846]" /></node><node index="11" text="" resource-id="" class="android.widget.LinearLayout" package="de.hafas.android.cfl" content-desc=" Transfer: 7 minutes; " checkable="false" checked="false" clickable="false" enabled="true" focusable="false" focused="false" scrollable="false" long-clickable="false" password="false" selected="false" bounds="[0,1886][1080,2002]"><node index="0" text="Transfer: 7 minutes" resource-id="de.hafas.android.cfl:id/text_direction" class="android.widget.TextView" package="de.hafas.android.cfl" content-desc="" checkable="false" checked="false" clickable="false" enabled="true" focusable="false" focused="false" scrollable="false" long-clickable="false" password="false" selected="false" bounds="[287,1916][624,1969]" /></node><node index="12" text="" resource-id="" class="android.view.ViewGroup" package="de.hafas.android.cfl" content-desc="Station Athus (Belgium)  Departure at 4:02pm  from Platform 3 &#10;&#10;" checkable="false" checked="false" clickable="true" enabled="true" focusable="true" focused="false" scrollable="false" long-clickable="false" password="false" selected="false" bounds="[0,2002][1080,2028]" /></node></node></node></node></hierarchy>