<?xml version='1.0' encoding='UTF-8' standalone='yes' ?><hierarchy rotation="0"><node index="0" text="" resource-id="" class="android.widget.FrameLayout" package="de.hafas.android.cfl" content-desc="" checkable="false" checked="false" clickable="false" enabled="true" focusable="false" focused="false" scrollable="false" long-clickable="false" password="false" selected="false" bounds="[0,0][1080,2028]"><node index="0" text="" resource-id="de.hafas.android.cfl:id/drawer_layout" class="androidx.drawerlayout.widget.DrawerLayout" package="de.hafas.android.cfl" content-desc="" checkable="false" checked="false" clickable="false" enabled="true" focusable="false" focused="false" scrollable="false" long-clickable="false" password="false" selected="false" bounds="[0,0][1080,2028]"><node index="0" text="" resource-id="de.hafas.android.cfl:id/main_container" class="android.widget.LinearLayout" package="de.hafas.android.cfl" content-desc="" checkable="false" checked="false" clickable="false" enabled="true" focusable="false" focused="false" scrollable="false" long-clickable="false" password="false" selected="false" bounds="[0,0][1080,2028]"><node index="0" text="" resource-id="de.hafas.android.cfl:id/toolbar" class="android.view.ViewGroup" package="de.hafas.android.cfl" content-desc="" checkable="false" checked="false" clickable="false" enabled="true" focusable="false" focused="false" scrollable="false" long-clickable="false" password="false" selected="false" bounds="[0,0][1080,231]"><node index="0" text="" resource-id="" class="android.widget.ImageButton" package="de.hafas.android.cfl" content-desc="Navigate up" checkable="false" checked="false" clickable="true" enabled="true" focusable="true" focused="false" scrollable="false" long-clickable="false" password="false" selected="false" bounds="[0,77][154,231]" /><node index="1" text="Route details" resource-id="" class="android.widget.TextView" package="de.hafas.android.cfl" content-desc="" checkable="false" checked="false" clickable="false" enabled="true" focusable="false" focused="false" scrollable="false" long-clickable="false" password="false" selected="false" bounds="[198,117][520,191]" /><node index="2" text="" resource-id="de.hafas.android.cfl:string/haf_show_map" class="android.widget.Button" package="de.hafas.android.cfl" content-desc="Map view" checkable="false" checked="false" clickable="true" enabled="true" focusable="true" focused="false" scrollable="false" long-clickable="false" password="false" selected="false" bounds="[948,88][1080,220]" /></node><node index="1" text="" resource-id="de.hafas.android.cfl:id/journey_details_head" class="android.widget.LinearLayout" package="de.hafas.android.cfl" content-desc="Travel with T E R88808 To Luxembourg" checkable="false" checked="false" clickable="false" enabled="true" focusable="false" focused="false" scrollable="false" long-clickable="false" password="false" selected="false" bounds="[44,231][1036,341]" /><node index="3" text="" resource-id="de.hafas.android.cfl:id/rv_journey_details" class="androidx.recyclerview.widget.RecyclerView" package="de.hafas.android.cfl" content-desc="" checkable="false" checked="false" clickable="false" enabled="true" focusable="true" focused="false" scrollable="false" long-clickable="false" password="false" selected="false" bounds="[0,341][1080,2028]"><node index="0" text="" resource-id="" class="android.view.ViewGroup" package="de.hafas.android.cfl" content-desc="Info: Bicycle zone" checkable="false" checked="false" clickable="false" enabled="true" focusable="false" focused="false" scrollable="false" long-clickable="false" password="false" selected="false" bounds="[44,358][1036,418]"><node index="0" text="" resource-id="de.hafas.android.cfl:id/text_alignment" class="android.widget.TextView" package="de.hafas.android.cfl" content-desc="" checkable="false" checked="false" clickable="false" enabled="true" focusable="false" focused="false" scrollable="false" long-clickable="false" password="false" selected="false" bounds="[110,358][1036,407]" /></node><node index="1" text="" resource-id="" class="android.view.ViewGroup" package="de.hafas.android.cfl" content-desc="Info: Power socket available" checkable="false" checked="false" clickable="false" enabled="true" focusable="false" focused="false" scrollable="false" long-clickable="false" password="false" selected="false" bounds="[44,418][1036,478]"><node index="0" text="" resource-id="de.hafas.android.cfl:id/text_alignment" class="android.widget.TextView" package="de.hafas.android.cfl" content-desc="" checkable="false" checked="false" clickable="false" enabled="true" focusable="false" focused="false" scrollable="false" long-clickable="false" password="false" selected="false" bounds="[110,418][1036,467]" /></node><node index="2" text="" resource-id="" class="android.view.ViewGroup" package="de.hafas.android.cfl" content-desc="Info: First-class seats" checkable="false" checked="false" clickable="false" enabled="true" focusable="false" focused="false" scrollable="false" long-clickable="false" password="false" selected="false" bounds="[44,478][1036,538]"><node index="0" text="" resource-id="de.hafas.android.cfl:id/text_alignment" class="android.widget.TextView" package="de.hafas.android.cfl" content-desc="" checkable="false" checked="false" clickable="false" enabled="true" focusable="false" focused="false" scrollable="false" long-clickable="false" password="false" selected="false" bounds="[110,478][1036,527]" /></node><node index="3" text="" resource-id="" class="android.view.ViewGroup" package="de.hafas.android.cfl" content-desc="Info: Second-class seats" checkable="false" checked="false" clickable="false" enabled="true" focusable="false" focused="false" scrollable="false" long-clickable="false" password="false" selected="false" bounds="[44,538][1036,598]"><node index="0" text="" resource-id="de.hafas.android.cfl:id/text_alignment" class="android.widget.TextView" package="de.hafas.android.cfl" content-desc="" checkable="false" checked="false" clickable="false" enabled="true" focusable="false" focused="false" scrollable="false" long-clickable="false" password="false" selected="false" bounds="[110,538][1036,587]" /></node><node index="4" text="" resource-id="" class="android.view.ViewGroup" package="de.hafas.android.cfl" content-desc="Info: Non smoker service" checkable="false" checked="false" clickable="false" enabled="true" focusable="false" focused="false" scrollable="false" long-clickable="false" password="false" selected="false" bounds="[44,598][1036,658]"><node index="0" text="" resource-id="de.hafas.android.cfl:id/text_alignment" class="android.widget.TextView" package="de.hafas.android.cfl" content-desc="" checkable="false" checked="false" clickable="false" enabled="true" focusable="false" focused="false" scrollable="false" long-clickable="false" password="false" selected="false" bounds="[110,598][1036,647]" /></node><node index="5" text="" resource-id="" class="android.view.ViewGroup" package="de.hafas.android.cfl" content-desc="Info: Wheelchair access" checkable="false" checked="false" clickable="false" enabled="true" focusable="false" focused="false" scrollable="false" long-clickable="false" password="false" selected="false" bounds="[44,658][1036,718]"><node index="0" text="" resource-id="de.hafas.android.cfl:id/text_alignment" class="android.widget.TextView" package="de.hafas.android.cfl" content-desc="" checkable="false" checked="false" clickable="false" enabled="true" focusable="false" focused="false" scrollable="false" long-clickable="false" password="false" selected="false" bounds="[110,658][1036,707]" /></node><node index="6" text="" resource-id="" class="android.view.ViewGroup" package="de.hafas.android.cfl" content-desc="Station THIONVILLE (France)  Departure at 3:36pm &#10;&#10;" checkable="false" checked="false" clickable="true" enabled="true" focusable="true" focused="false" scrollable="false" long-clickable="false" password="false" selected="false" bounds="[0,801][1080,931]"><node index="0" text="3:36pm" resource-id="de.hafas.android.cfl:id/stoptime_departure" class="android.widget.TextView" package="de.hafas.android.cfl" content-desc="3:36pm" checkable="false" checked="false" clickable="false" enabled="true" focusable="false" focused="false" scrollable="false" long-clickable="false" password="false" selected="false" bounds="[83,838][276,891]" /><node index="1" text="THIONVILLE (France)" resource-id="de.hafas.android.cfl:id/text_message" class="android.widget.TextView" package="de.hafas.android.cfl" content-desc="" checkable="false" checked="false" clickable="false" enabled="true" focusable="false" focused="false" scrollable="false" long-clickable="false" password="false" selected="false" bounds="[287,838][661,891]" /></node><node index="7" text="" resource-id="" class="android.view.ViewGroup" package="de.hafas.android.cfl" content-desc="Station HETTANGE GRANDE (France)  Arrival 3:42pm  Departure at 3:43pm &#10;&#10;" checkable="false" checked="false" clickable="true" enabled="true" focusable="true" focused="false" scrollable="false" long-clickable="false" password="false" selected="false" bounds="[0,931][1080,1061]"><node index="0" text="3:42pm" resource-id="de.hafas.android.cfl:id/stoptime_arrival" class="android.widget.TextView" package="de.hafas.android.cfl" content-desc="3:42pm" checkable="false" checked="false" clickable="false" enabled="true" focusable="false" focused="false" scrollable="false" long-clickable="false" password="false" selected="false" bounds="[83,950][276,994]" /><node index="1" text="3:43pm" resource-id="de.hafas.android.cfl:id/stoptime_departure" class="android.widget.TextView" package="de.hafas.android.cfl" content-desc="3:43pm" checkable="false" checked="false" clickable="false" enabled="true" focusable="false" focused="false" scrollable="false" long-clickable="false" password="false" selected="false" bounds="[83,994][276,1038]" /><node index="2" text="HETTANGE GRANDE (France)" resource-id="de.hafas.android.cfl:id/text_message" class="android.widget.TextView" package="de.hafas.android.cfl" content-desc="" checkable="false" checked="false" clickable="false" enabled="true" focusable="false" focused="false" scrollable="false" long-clickable="false" password="false" selected="false" bounds="[287,970][761,1019]" /></node><node index="8" text="" resource-id="" class="android.view.ViewGroup" package="de.hafas.android.cfl" content-desc="Station Bettembourg  Arrival 3:51pm  at Platform 1  Departure at 3:52pm  from Platform 1 &#10;&#10;" checkable="false" checked="false" clickable="true" enabled="true" focusable="true" focused="false" scrollable="false" long-clickable="false" password="false" selected="false" bounds="[0,1061][1080,1191]"><node index="0" text="3:51pm" resource-id="de.hafas.android.cfl:id/stoptime_arrival" class="android.widget.TextView" package="de.hafas.android.cfl" content-desc="3:51pm" checkable="false" checked="false" clickable="false" enabled="true" focusable="false" focused="false" scrollable="false" long-clickable="false" password="false" selected="false" bounds="[83,1080][276,1124]" /><node index="1" text="3:52pm" resource-id="de.hafas.android.cfl:id/stoptime_departure" class="android.widget.TextView" package="de.hafas.android.cfl" content-desc="3:52pm" checkable="false" checked="false" clickable="false" enabled="true" focusable="false" focused="false" scrollable="false" long-clickable="false" password="false" selected="false" bounds="[83,1124][276,1168]" /><node index="2" text="Bettembourg" resource-id="de.hafas.android.cfl:id/text_message" class="android.widget.TextView" package="de.hafas.android.cfl" content-desc="" checkable="false" checked="false" clickable="false" enabled="true" focusable="false" focused="false" scrollable="false" long-clickable="false" password="false" selected="false" bounds="[287,1100][496,1149]" /><node index="3" text="Pl. 1" resource-id="de.hafas.android.cfl:id/text_platform_departure" class="android.widget.TextView" package="de.hafas.android.cfl" content-desc="" checkable="false" checked="false" clickable="false" enabled="true" focusable="false" focused="false" scrollable="false" long-clickable="false" password="false" selected="false" bounds="[932,1100][1036,1149]" /></node><node index="9" text="" resource-id="" class="android.view.ViewGroup" package="de.hafas.android.cfl" content-desc="Station Luxembourg  Arrival 4:03pm  at Platform 14 &#10;&#10;" checkable="false" checked="false" clickable="true" enabled="true" focusable="true" focused="false" scrollable="false" long-clickable="false" password="false" selected="false" bounds="[0,1191][1080,1318]"><node index="0" text="4:03pm" resource-id="de.hafas.android.cfl:id/stoptime_arrival" class="android.widget.TextView" package="de.hafas.android.cfl" content-desc="4:03pm" checkable="false" checked="false" clickable="false" enabled="true" focusable="false" focused="false" scrollable="false" long-clickable="false" password="false" selected="false" bounds="[83,1228][276,1281]" /><node index="1" text="Luxembourg" resource-id="de.hafas.android.cfl:id/text_message" class="android.widget.TextView" package="de.hafas.android.cfl" content-desc="" checkable="false" checked="false" clickable="false" enabled="true" focusable="false" focused="false" scrollable="false" long-clickable="false" password="false" selected="false" bounds="[287,1228][506,1281]" /><node index="2" text="Pl. 14" resource-id="de.hafas.android.cfl:id/text_platform_arrival" class="android.widget.TextView" package="de.hafas.android.cfl" content-desc="" checkable="false" checked="false" clickable="false" enabled="true" focusable="false" focused="false" scrollable="false" long-clickable="false" password="false" selected="false" bounds="[905,1228][1036,1281]" /></node><node index="10" text="&#10;All information without warranty." resource-id="de.hafas.android.cfl:id/text_note" class="android.widget.TextView" package="de.hafas.android.cfl" content-desc="" checkable="false" checked="false" clickable="false" enabled="true" focusable="false" focused="false" scrollable="false" long-clickable="false" password="false" selected="false" bounds="[0,1351][1080,1522]" /></node></node></node></node></hierarchy>