<?xml version='1.0' encoding='UTF-8' standalone='yes' ?><hierarchy rotation="0"><node index="0" text="" resource-id="" class="android.widget.FrameLayout" package="de.hafas.android.cfl" content-desc="" checkable="false" checked="false" clickable="false" enabled="true" focusable="false" focused="false" scrollable="false" long-clickable="false" password="false" selected="false" bounds="[0,0][1080,2028]"><node index="0" text="" resource-id="de.hafas.android.cfl:id/drawer_layout" class="androidx.drawerlayout.widget.DrawerLayout" package="de.hafas.android.cfl" content-desc="" checkable="false" checked="false" clickable="false" enabled="true" focusable="false" focused="false" scrollable="false" long-clickable="false" password="false" selected="false" bounds="[0,0][1080,1231]"><node index="0" text="" resource-id="de.hafas.android.cfl:id/main_container" class="android.widget.LinearLayout" package="de.hafas.android.cfl" content-desc="" checkable="false" checked="false" clickable="false" enabled="true" focusable="false" focused="false" scrollable="false" long-clickable="false" password="false" selected="false" bounds="[0,0][1080,1231]"><node index="0" text="" resource-id="de.hafas.android.cfl:id/toolbar" class="android.view.ViewGroup" package="de.hafas.android.cfl" content-desc="" checkable="false" checked="false" clickable="false" enabled="true" focusable="false" focused="false" scrollable="false" long-clickable="false" password="false" selected="false" bounds="[0,0][1080,231]"><node index="0" text="" resource-id="" class="android.widget.ImageButton" package="de.hafas.android.cfl" content-desc="Navigate up" checkable="false" checked="false" clickable="true" enabled="true" focusable="true" focused="false" scrollable="false" long-clickable="false" password="false" selected="false" bounds="[0,77][154,231]" /><node index="1" text="Luxembourg" resource-id="de.hafas.android.cfl:id/input_location_name" class="android.widget.EditText" package="de.hafas.android.cfl" content-desc="" checkable="false" checked="false" clickable="true" enabled="true" focusable="true" focused="true" scrollable="false" long-clickable="true" password="false" selected="false" bounds="[198,101][937,206]" /><node index="2" text="" resource-id="de.hafas.android.cfl:id/button_location_clear" class="android.widget.ImageButton" package="de.hafas.android.cfl" content-desc="Clear input." checkable="false" checked="false" clickable="true" enabled="true" focusable="true" focused="false" scrollable="false" long-clickable="false" password="false" selected="false" bounds="[937,77][1080,231]" /></node><node index="1" text="" resource-id="de.hafas.android.cfl:id/list_location_results" class="androidx.recyclerview.widget.RecyclerView" package="de.hafas.android.cfl" content-desc="" checkable="false" checked="false" clickable="false" enabled="true" focusable="true" focused="false" scrollable="true" long-clickable="false" password="false" selected="false" bounds="[0,231][1080,1231]"><node index="0" text="" resource-id="" class="android.widget.FrameLayout" package="de.hafas.android.cfl" content-desc="" checkable="false" checked="false" clickable="false" enabled="true" focusable="false" focused="false" scrollable="false" long-clickable="false" password="false" selected="false" bounds="[0,231][1080,618]"><node index="0" text="Would you also like to search the addresses of your contacts?" resource-id="de.hafas.android.cfl:id/text_notice" class="android.widget.TextView" package="de.hafas.android.cfl" content-desc="" checkable="false" checked="false" clickable="false" enabled="true" focusable="false" focused="false" scrollable="false" long-clickable="false" password="false" selected="false" bounds="[165,308][915,419]" /><node index="1" text="" resource-id="de.hafas.android.cfl:id/button_close_notice" class="android.widget.ImageButton" package="de.hafas.android.cfl" content-desc="Hide" checkable="false" checked="false" clickable="true" enabled="true" focusable="true" focused="false" scrollable="false" long-clickable="false" password="false" selected="false" bounds="[937,308][1003,374]" /><node index="2" text="LEARN MORE" resource-id="de.hafas.android.cfl:id/text_clickable_action" class="android.widget.TextView" package="de.hafas.android.cfl" content-desc="" checkable="false" checked="false" clickable="true" enabled="true" focusable="true" focused="false" scrollable="false" long-clickable="false" password="false" selected="false" bounds="[77,466][1003,585]" /></node><node index="1" text="" resource-id="" class="android.view.ViewGroup" package="de.hafas.android.cfl" content-desc="Luxembourg, , Favorite No, departing transports, TGV, IC, RB, RE, TER, Bus, , " checkable="false" checked="false" clickable="true" enabled="true" focusable="true" focused="false" scrollable="false" long-clickable="false" password="false" selected="false" bounds="[0,618][1080,783]"><node index="0" text="Luxembourg" resource-id="de.hafas.android.cfl:id/text_location_name" class="android.widget.TextView" package="de.hafas.android.cfl" content-desc="" checkable="false" checked="false" clickable="false" enabled="true" focusable="false" focused="false" scrollable="false" long-clickable="false" password="false" selected="false" bounds="[132,625][959,699]" /><node index="1" text="" resource-id="de.hafas.android.cfl:id/location_compass_favorite" class="android.widget.LinearLayout" package="de.hafas.android.cfl" content-desc="" checkable="false" checked="false" clickable="false" enabled="true" focusable="false" focused="false" scrollable="false" long-clickable="false" password="false" selected="false" bounds="[981,651][1036,750]"><node index="0" text="" resource-id="de.hafas.android.cfl:id/button_favorite" class="android.widget.ImageButton" package="de.hafas.android.cfl" content-desc="Add as favorite" checkable="false" checked="false" clickable="true" enabled="true" focusable="true" focused="false" scrollable="false" long-clickable="false" password="false" selected="false" bounds="[981,673][1036,728]" /></node></node><node index="2" text="" resource-id="" class="android.view.ViewGroup" package="de.hafas.android.cfl" content-desc="Luxembourg, Centre Hospitalier, , Favorite No, departing transports, Bus 13, Bus 24, , " checkable="false" checked="false" clickable="true" enabled="true" focusable="true" focused="false" scrollable="false" long-clickable="false" password="false" selected="false" bounds="[0,783][1080,948]"><node index="0" text="Luxembourg, Centre Hospitalier" resource-id="de.hafas.android.cfl:id/text_location_name" class="android.widget.TextView" package="de.hafas.android.cfl" content-desc="" checkable="false" checked="false" clickable="false" enabled="true" focusable="false" focused="false" scrollable="false" long-clickable="false" password="false" selected="false" bounds="[132,790][959,864]" /><node index="1" text="" resource-id="de.hafas.android.cfl:id/location_compass_favorite" class="android.widget.LinearLayout" package="de.hafas.android.cfl" content-desc="" checkable="false" checked="false" clickable="false" enabled="true" focusable="false" focused="false" scrollable="false" long-clickable="false" password="false" selected="false" bounds="[981,816][1036,915]"><node index="0" text="" resource-id="de.hafas.android.cfl:id/button_favorite" class="android.widget.ImageButton" package="de.hafas.android.cfl" content-desc="Add as favorite" checkable="false" checked="false" clickable="true" enabled="true" focusable="true" focused="false" scrollable="false" long-clickable="false" password="false" selected="false" bounds="[981,838][1036,893]" /></node></node><node index="3" text="" resource-id="" class="android.view.ViewGroup" package="de.hafas.android.cfl" content-desc="Luxembourg, Gare Centrale routière, , Favorite No, departing transports, Bus, Bus 4, Bus 7, Bus 10, Bus 13, Bus 14, Bus 18, Bus 19, Bus 20, Bus 22, Bus 23, Bus 27, Bus 29, Bus 90, Bus 94, Bus 95, Bus 412, Bus 413, Bus 414, Bus 423, Bus 424, Bus 602, Bus 603, Bus 611, Bus 612, Bus 622, Bus 623, Bus C18, Bus CN1, Bus CN2, Bus CN3, Bus D37, Bus D39, Bus E11, Bus E12, Bus E32, Bus E34, Bus E41, Bus E42, Bus G10, Bus L10, Bus L11, Bus L30, Bus L31, Bus L32, Bus L34, Bus L40, Bus L50, Bus L52, Bus L60, Bus L61, Bus L62, Bus L70, Bus L90, Bus L95, Bus U01, Bus V01, Bus W01, LNB 222, LNB BE, LNB BS, LNB DU, LNB FM, LNB HE, LNB JU, LNB KAE, LNB LE, LNB LM, LNB MA, LNB ROE, LNB SG, LNB WD, LNBEA, LNBKR, NLB LWS, , " checkable="false" checked="false" clickable="true" enabled="true" focusable="true" focused="false" scrollable="false" long-clickable="false" password="false" selected="false" bounds="[0,948][1080,1113]"><node index="0" text="Luxembourg, Gare Centrale routière" resource-id="de.hafas.android.cfl:id/text_location_name" class="android.widget.TextView" package="de.hafas.android.cfl" content-desc="" checkable="false" checked="false" clickable="false" enabled="true" focusable="false" focused="false" scrollable="false" long-clickable="false" password="false" selected="false" bounds="[132,955][959,1029]" /><node index="1" text="" resource-id="de.hafas.android.cfl:id/location_compass_favorite" class="android.widget.LinearLayout" package="de.hafas.android.cfl" content-desc="" checkable="false" checked="false" clickable="false" enabled="true" focusable="false" focused="false" scrollable="false" long-clickable="false" password="false" selected="false" bounds="[981,981][1036,1080]"><node index="0" text="" resource-id="de.hafas.android.cfl:id/button_favorite" class="android.widget.ImageButton" package="de.hafas.android.cfl" content-desc="Add as favorite" checkable="false" checked="false" clickable="true" enabled="true" focusable="true" focused="false" scrollable="false" long-clickable="false" password="false" selected="false" bounds="[981,1003][1036,1058]" /></node></node><node index="4" text="" resource-id="" class="android.view.ViewGroup" package="de.hafas.android.cfl" content-desc="Luxembourg, Gare Rocade, , Favorite No, departing transports, Bus 2, Bus 9, Bus 20, Bus 223, Bus 402, Bus 411, Bus 421, Bus 422, Bus 461, Bus 502, Bus 506, Bus 508, Bus 511, Bus 512, Bus 513, Bus 691, Bus C18, Bus E12, Bus E42, Bus L02, Bus L11, Bus L12, Bus L90, Bus L91, Bus L92, Bus V01, , " checkable="false" checked="false" clickable="true" enabled="true" focusable="true" focused="false" scrollable="false" long-clickable="false" password="false" selected="false" bounds="[0,1113][1080,1231]"><node index="0" text="Luxembourg, Gare Rocade" resource-id="de.hafas.android.cfl:id/text_location_name" class="android.widget.TextView" package="de.hafas.android.cfl" content-desc="" checkable="false" checked="false" clickable="false" enabled="true" focusable="false" focused="false" scrollable="false" long-clickable="false" password="false" selected="false" bounds="[132,1120][959,1194]" /><node index="1" text="" resource-id="de.hafas.android.cfl:id/location_compass_favorite" class="android.widget.LinearLayout" package="de.hafas.android.cfl" content-desc="" checkable="false" checked="false" clickable="false" enabled="true" focusable="false" focused="false" scrollable="false" long-clickable="false" password="false" selected="false" bounds="[981,1146][1036,1231]"><node index="0" text="" resource-id="de.hafas.android.cfl:id/button_favorite" class="android.widget.ImageButton" package="de.hafas.android.cfl" content-desc="Add as favorite" checkable="false" checked="false" clickable="true" enabled="true" focusable="true" focused="false" scrollable="false" long-clickable="false" password="false" selected="false" bounds="[981,1168][1036,1223]" /></node></node></node></node></node></node></hierarchy>