<?xml version='1.0' encoding='UTF-8' standalone='yes' ?><hierarchy rotation="0"><node index="0" text="" resource-id="" class="android.widget.FrameLayout" package="de.hafas.android.cfl" content-desc="" checkable="false" checked="false" clickable="false" enabled="true" focusable="false" focused="false" scrollable="false" long-clickable="false" password="false" selected="false" bounds="[28,448][1052,1656]"><node index="0" text="" resource-id="" class="android.widget.ScrollView" package="de.hafas.android.cfl" content-desc="" checkable="false" checked="false" clickable="false" enabled="true" focusable="true" focused="false" scrollable="false" long-clickable="false" password="false" selected="false" bounds="[72,492][1008,1458]"><node index="0" text="" resource-id="de.hafas.android.cfl:id/group_departure_arrival" class="android.widget.RadioGroup" package="de.hafas.android.cfl" content-desc="" checkable="false" checked="false" clickable="false" enabled="true" focusable="false" focused="false" scrollable="false" long-clickable="false" password="false" selected="false" bounds="[72,492][1008,624]"><node index="0" text="Departure" resource-id="de.hafas.android.cfl:id/radio_departure" class="android.widget.RadioButton" package="de.hafas.android.cfl" content-desc="" checkable="true" checked="true" clickable="true" enabled="true" focusable="true" focused="false" scrollable="false" long-clickable="false" password="false" selected="false" bounds="[72,492][540,624]" /><node index="1" text="Arrival" resource-id="de.hafas.android.cfl:id/radio_arrival" class="android.widget.RadioButton" package="de.hafas.android.cfl" content-desc="" checkable="true" checked="false" clickable="true" enabled="true" focusable="true" focused="false" scrollable="false" long-clickable="false" password="false" selected="false" bounds="[540,492][1008,624]" /></node><node index="1" text="" resource-id="de.hafas.android.cfl:id/picker_time" class="android.widget.TimePicker" package="de.hafas.android.cfl" content-desc="" checkable="false" checked="false" clickable="false" enabled="true" focusable="false" focused="false" scrollable="false" long-clickable="false" password="false" selected="false" bounds="[188,627][891,1210]"><node index="0" text="" resource-id="" class="android.widget.NumberPicker" package="de.hafas.android.cfl" content-desc="" checkable="false" checked="false" clickable="false" enabled="true" focusable="false" focused="false" scrollable="true" long-clickable="false" password="false" selected="false" bounds="[232,671][408,1166]"><node index="0" text="2" resource-id="" class="android.widget.Button" package="de.hafas.android.cfl" content-desc="" checkable="false" checked="false" clickable="true" enabled="true" focusable="false" focused="false" scrollable="false" long-clickable="true" password="false" selected="false" bounds="[232,671][408,852]" /><node index="1" text="3" resource-id="android:id/numberpicker_input" class="android.widget.EditText" package="de.hafas.android.cfl" content-desc="" checkable="false" checked="false" clickable="true" enabled="true" focusable="true" focused="false" scrollable="false" long-clickable="true" password="false" selected="false" bounds="[232,852][408,984]" /><node index="2" text="4" resource-id="" class="android.widget.Button" package="de.hafas.android.cfl" content-desc="" checkable="false" checked="false" clickable="true" enabled="true" focusable="false" focused="false" scrollable="false" long-clickable="true" password="false" selected="false" bounds="[232,984][408,1166]" /></node><node index="1" text="" resource-id="" class="android.widget.NumberPicker" package="de.hafas.android.cfl" content-desc="" checkable="false" checked="false" clickable="false" enabled="true" focusable="false" focused="false" scrollable="true" long-clickable="false" password="false" selected="false" bounds="[451,671][627,1166]"><node index="0" text="47" resource-id="" class="android.widget.Button" package="de.hafas.android.cfl" content-desc="" checkable="false" checked="false" clickable="true" enabled="true" focusable="false" focused="false" scrollable="false" long-clickable="true" password="false" selected="false" bounds="[451,671][627,852]" /><node index="1" text="48" resource-id="android:id/numberpicker_input" class="android.widget.EditText" package="de.hafas.android.cfl" content-desc="" checkable="false" checked="false" clickable="true" enabled="true" focusable="true" focused="false" scrollable="false" long-clickable="true" password="false" selected="false" bounds="[451,852][627,984]" /><node index="2" text="49" resource-id="" class="android.widget.Button" package="de.hafas.android.cfl" content-desc="" checkable="false" checked="false" clickable="true" enabled="true" focusable="false" focused="false" scrollable="false" long-clickable="true" password="false" selected="false" bounds="[451,984][627,1166]" /></node><node index="2" text="" resource-id="" class="android.widget.NumberPicker" package="de.hafas.android.cfl" content-desc="" checkable="false" checked="false" clickable="false" enabled="true" focusable="false" focused="false" scrollable="true" long-clickable="false" password="false" selected="false" bounds="[671,671][847,1166]"><node index="0" text="AM" resource-id="" class="android.widget.Button" package="de.hafas.android.cfl" content-desc="" checkable="false" checked="false" clickable="true" enabled="true" focusable="false" focused="false" scrollable="false" long-clickable="true" password="false" selected="false" bounds="[671,671][847,852]" /><node index="1" text="PM" resource-id="android:id/numberpicker_input" class="android.widget.EditText" package="de.hafas.android.cfl" content-desc="" checkable="false" checked="false" clickable="true" enabled="true" focusable="true" focused="false" scrollable="false" long-clickable="true" password="false" selected="false" bounds="[671,852][847,984]" /></node></node><node index="2" text="Now" resource-id="de.hafas.android.cfl:id/button_datetime_forward_1" class="android.widget.Button" package="de.hafas.android.cfl" content-desc="" checkable="false" checked="false" clickable="true" enabled="true" focusable="true" focused="false" scrollable="false" long-clickable="false" password="false" selected="false" bounds="[116,1210][384,1287]" /><node index="3" text="In 15 min" resource-id="de.hafas.android.cfl:id/button_datetime_forward_2" class="android.widget.Button" package="de.hafas.android.cfl" content-desc="" checkable="false" checked="false" clickable="true" enabled="true" focusable="true" focused="false" scrollable="false" long-clickable="false" password="false" selected="false" bounds="[406,1210][674,1287]" /><node index="4" text="In 1 h" resource-id="de.hafas.android.cfl:id/button_datetime_forward_3" class="android.widget.Button" package="de.hafas.android.cfl" content-desc="" checkable="false" checked="false" clickable="true" enabled="true" focusable="true" focused="false" scrollable="false" long-clickable="false" password="false" selected="false" bounds="[696,1210][964,1287]" /><node index="5" text="" resource-id="de.hafas.android.cfl:id/button_earlier" class="android.widget.ImageButton" package="de.hafas.android.cfl" content-desc="One day earlier" checkable="false" checked="false" clickable="true" enabled="true" focusable="true" focused="false" scrollable="false" long-clickable="false" password="false" selected="false" bounds="[72,1323][215,1455]" /><node index="6" text="" resource-id="de.hafas.android.cfl:id/pager_date" class="androidx.viewpager.widget.ViewPager" package="de.hafas.android.cfl" content-desc="" checkable="false" checked="false" clickable="true" enabled="true" focusable="true" focused="false" scrollable="true" long-clickable="false" password="false" selected="false" bounds="[215,1323][865,1455]"><node index="0" text="Today, Thu, 08.01.2026" resource-id="" class="android.widget.TextView" package="de.hafas.android.cfl" content-desc="Search date: Today, Thursday, 01.08.2026" checkable="false" checked="false" clickable="true" enabled="true" focusable="true" focused="false" scrollable="false" long-clickable="false" password="false" selected="false" bounds="[215,1323][865,1455]" /></node><node index="7" text="" resource-id="de.hafas.android.cfl:id/button_later" class="android.widget.ImageButton" package="de.hafas.android.cfl" content-desc="One day later" checkable="false" checked="false" clickable="true" enabled="true" focusable="true" focused="false" scrollable="false" long-clickable="false" password="false" selected="false" bounds="[865,1323][1008,1455]" /></node><node index="1" text="" resource-id="de.hafas.android.cfl:id/buttonPanel" class="android.widget.ScrollView" package="de.hafas.android.cfl" content-desc="" checkable="false" checked="false" clickable="false" enabled="true" focusable="true" focused="false" scrollable="false" long-clickable="false" password="false" selected="false" bounds="[72,1458][1008,1612]"><node index="0" text="CANCEL" resource-id="android:id/button2" class="android.widget.Button" package="de.hafas.android.cfl" content-desc="" checkable="false" checked="false" clickable="true" enabled="true" focusable="true" focused="false" scrollable="false" long-clickable="false" password="false" selected="false" bounds="[587,1469][799,1601]" /><node index="1" text="OK" resource-id="android:id/button1" class="android.widget.Button" package="de.hafas.android.cfl" content-desc="" checkable="false" checked="false" clickable="true" enabled="true" focusable="true" focused="false" scrollable="false" long-clickable="false" password="false" selected="false" bounds="[799,1469][975,1601]" /></node></node></hierarchy>