<?xml version='1.0' encoding='UTF-8' standalone='yes' ?><hierarchy rotation="0"><node index="0" text="" resource-id="" class="android.widget.FrameLayout" package="de.hafas.android.cfl" content-desc="" checkable="false" checked="false" clickable="false" enabled="true" focusable="false" focused="false" scrollable="false" long-clickable="false" password="false" selected="false" bounds="[0,0][1080,2028]"><node index="0" text="" resource-id="de.hafas.android.cfl:id/drawer_layout" class="androidx.drawerlayout.widget.DrawerLayout" package="de.hafas.android.cfl" content-desc="" checkable="false" checked="false" clickable="false" enabled="true" focusable="false" focused="false" scrollable="false" long-clickable="false" password="false" selected="false" bounds="[0,0][1080,2028]"><node index="0" text="" resource-id="de.hafas.android.cfl:id/main_container" class="android.widget.LinearLayout" package="de.hafas.android.cfl" content-desc="" checkable="false" checked="false" clickable="false" enabled="true" focusable="false" focused="false" scrollable="false" long-clickable="false" password="false" selected="false" bounds="[0,0][1080,2028]"><node index="0" text="" resource-id="de.hafas.android.cfl:id/toolbar" class="android.view.ViewGroup" package="de.hafas.android.cfl" content-desc="" checkable="false" checked="false" clickable="false" enabled="true" focusable="false" focused="false" scrollable="false" long-clickable="false" password="false" selected="false" bounds="[0,0][1080,231]"><node index="0" text="" resource-id="" class="android.widget.ImageButton" package="de.hafas.android.cfl" content-desc="Show navigation drawer" checkable="false" checked="false" clickable="true" enabled="true" focusable="true" focused="false" scrollable="false" long-clickable="false" password="false" selected="false" bounds="[0,77][154,231]" /><node index="1" text="Home" resource-id="" class="android.widget.TextView" package="de.hafas.android.cfl" content-desc="" checkable="false" checked="false" clickable="false" enabled="true" focusable="false" focused="false" scrollable="false" long-clickable="false" password="false" selected="false" bounds="[198,117][345,191]" /></node><node index="1" text="" resource-id="de.hafas.android.cfl:id/home_scroll" class="android.widget.ScrollView" package="de.hafas.android.cfl" content-desc="" checkable="false" checked="false" clickable="false" enabled="true" focusable="true" focused="false" scrollable="true" long-clickable="false" password="false" selected="false" bounds="[0,231][1080,2028]"><node index="0" text="" resource-id="" class="android.widget.LinearLayout" package="de.hafas.android.cfl" content-desc="" checkable="false" checked="false" clickable="false" enabled="true" focusable="false" focused="false" scrollable="false" long-clickable="false" password="false" selected="false" bounds="[22,253][1058,330]"><node index="0" text="Trip Planner" resource-id="de.hafas.android.cfl:id/home_module_caption_text" class="android.widget.TextView" package="de.hafas.android.cfl" content-desc="" checkable="false" checked="false" clickable="false" enabled="true" focusable="true" focused="false" scrollable="false" long-clickable="false" password="false" selected="false" bounds="[66,265][1014,318]" /></node><node index="1" text="Select start" resource-id="de.hafas.android.cfl:id/input_start" class="android.widget.TextView" package="de.hafas.android.cfl" content-desc="" checkable="false" checked="false" clickable="true" enabled="true" focusable="false" focused="false" scrollable="false" long-clickable="false" password="false" selected="false" bounds="[154,341][882,473]" /><node index="2" text="" resource-id="de.hafas.android.cfl:id/button_current_position" class="android.widget.ImageButton" package="de.hafas.android.cfl" content-desc="Set current position as start" checkable="false" checked="false" clickable="true" enabled="true" focusable="true" focused="false" scrollable="false" long-clickable="false" password="false" selected="false" bounds="[926,379][1014,434]" /><node index="3" text="Select destination" resource-id="de.hafas.android.cfl:id/input_target" class="android.widget.TextView" package="de.hafas.android.cfl" content-desc="" checkable="false" checked="false" clickable="true" enabled="true" focusable="false" focused="false" scrollable="false" long-clickable="false" password="false" selected="false" bounds="[154,495][882,627]" /><node index="4" text="" resource-id="de.hafas.android.cfl:id/button_search" class="android.widget.ImageButton" package="de.hafas.android.cfl" content-desc="Search" checkable="false" checked="false" clickable="true" enabled="true" focusable="true" focused="false" scrollable="false" long-clickable="false" password="false" selected="false" bounds="[926,517][1014,605]" /><node index="5" text="" resource-id="" class="android.widget.LinearLayout" package="de.hafas.android.cfl" content-desc="" checkable="false" checked="false" clickable="false" enabled="true" focusable="false" focused="false" scrollable="false" long-clickable="false" password="false" selected="false" bounds="[22,660][1058,737]"><node index="0" text="Nearby Departures" resource-id="de.hafas.android.cfl:id/home_module_caption_text" class="android.widget.TextView" package="de.hafas.android.cfl" content-desc="" checkable="false" checked="false" clickable="false" enabled="true" focusable="true" focused="false" scrollable="false" long-clickable="false" password="false" selected="false" bounds="[66,672][1014,725]" /></node><node index="6" text="" resource-id="" class="android.widget.LinearLayout" package="de.hafas.android.cfl" content-desc="Product filter TGV / ICE / IC inactive" checkable="false" checked="false" clickable="true" enabled="true" focusable="true" focused="false" scrollable="false" long-clickable="false" password="false" selected="false" bounds="[66,754][224,858]" /><node index="7" text="" resource-id="" class="android.widget.LinearLayout" package="de.hafas.android.cfl" content-desc="Product filter Regional trains inactive" checkable="false" checked="false" clickable="true" enabled="true" focusable="true" focused="false" scrollable="false" long-clickable="false" password="false" selected="false" bounds="[224,754][382,858]" /><node index="8" text="" resource-id="" class="android.widget.LinearLayout" package="de.hafas.android.cfl" content-desc="Product filter Bus / Long distance bus inactive" checkable="false" checked="false" clickable="true" enabled="true" focusable="true" focused="false" scrollable="false" long-clickable="false" password="false" selected="false" bounds="[382,754][540,858]" /><node index="9" text="" resource-id="" class="android.widget.LinearLayout" package="de.hafas.android.cfl" content-desc="Product filter Tram inactive" checkable="false" checked="false" clickable="true" enabled="true" focusable="true" focused="false" scrollable="false" long-clickable="false" password="false" selected="false" bounds="[540,754][698,858]" /><node index="10" text="" resource-id="" class="android.widget.LinearLayout" package="de.hafas.android.cfl" content-desc="Product filter Cable car inactive" checkable="false" checked="false" clickable="true" enabled="true" focusable="true" focused="false" scrollable="false" long-clickable="false" password="false" selected="false" bounds="[698,754][856,858]" /><node index="11" text="" resource-id="" class="android.widget.LinearLayout" package="de.hafas.android.cfl" content-desc="Product filter Favorites inactive" checkable="false" checked="false" clickable="true" enabled="true" focusable="true" focused="false" scrollable="false" long-clickable="false" password="false" selected="false" bounds="[856,754][1014,858]" /><node index="12" text="The location service is unable to determine your current position." resource-id="de.hafas.android.cfl:id/home_module_error_text" class="android.widget.TextView" package="de.hafas.android.cfl" content-desc="" checkable="false" checked="false" clickable="false" enabled="true" focusable="false" focused="false" scrollable="false" long-clickable="false" password="false" selected="false" bounds="[22,1158][1058,1301]" /><node index="13" text="" resource-id="" class="android.widget.LinearLayout" package="de.hafas.android.cfl" content-desc="" checkable="false" checked="false" clickable="false" enabled="true" focusable="false" focused="false" scrollable="false" long-clickable="false" password="false" selected="false" bounds="[22,1689][1058,1766]"><node index="0" text="Nearby Map" resource-id="de.hafas.android.cfl:id/home_module_caption_text" class="android.widget.TextView" package="de.hafas.android.cfl" content-desc="" checkable="false" checked="false" clickable="false" enabled="true" focusable="true" focused="false" scrollable="false" long-clickable="false" password="false" selected="false" bounds="[66,1701][1014,1754]" /></node><node index="14" text="" resource-id="de.hafas.android.cfl:id/view_touch_receiver" class="android.view.ViewGroup" package="de.hafas.android.cfl" content-desc="Map" checkable="false" checked="false" clickable="false" enabled="true" focusable="false" focused="false" scrollable="false" long-clickable="false" password="false" selected="false" bounds="[22,1766][1058,2028]" /></node></node></node></node></hierarchy>