<?xml version='1.0' encoding='UTF-8' standalone='yes' ?><hierarchy rotation="0"><node index="0" text="" resource-id="" class="android.widget.FrameLayout" package="de.hafas.android.cfl" content-desc="" checkable="false" checked="false" clickable="false" enabled="true" focusable="false" focused="false" scrollable="false" long-clickable="false" password="false" selected="false" bounds="[28,338][1052,1766]"><node index="0" text="2026" resource-id="android:id/date_picker_header_year" class="android.widget.TextView" package="de.hafas.android.cfl" content-desc="" checkable="false" checked="false" clickable="true" enabled="true" focusable="true" focused="false" scrollable="false" long-clickable="false" password="false" selected="false" bounds="[116,404][260,500]" /><node index="1" text="Thu, Jan 8" resource-id="android:id/date_picker_header_date" class="android.widget.TextView" package="de.hafas.android.cfl" content-desc="" checkable="false" checked="false" clickable="true" enabled="true" focusable="true" focused="false" scrollable="false" long-clickable="false" password="false" selected="false" bounds="[138,478][574,588]" /><node index="2" text="" resource-id="" class="android.widget.ScrollView" package="de.hafas.android.cfl" content-desc="" checkable="false" checked="false" clickable="false" enabled="true" focusable="true" focused="false" scrollable="false" long-clickable="false" password="false" selected="false" bounds="[72,638][1008,1568]"><node index="0" text="" resource-id="android:id/day_picker_view_pager" class="com.android.internal.widget.ViewPager" package="de.hafas.android.cfl" content-desc="" checkable="false" checked="false" clickable="false" enabled="true" focusable="true" focused="false" scrollable="true" long-clickable="false" password="false" selected="false" bounds="[72,638][1008,1568]"><node index="1" text="" resource-id="android:id/month_view" class="android.view.View" package="de.hafas.android.cfl" content-desc="" checkable="false" checked="false" clickable="false" enabled="true" focusable="true" focused="false" scrollable="false" long-clickable="false" password="false" selected="false" bounds="[72,638][1008,1568]"><node index="0" text="1" resource-id="" class="android.view.View" package="de.hafas.android.cfl" content-desc="01 January 2026" checkable="false" checked="false" clickable="true" enabled="true" focusable="false" focused="false" scrollable="false" long-clickable="false" password="false" selected="false" bounds="[599,908][717,1018]" /><node index="1" text="2" resource-id="" class="android.view.View" package="de.hafas.android.cfl" content-desc="02 January 2026" checkable="false" checked="false" clickable="true" enabled="true" focusable="false" focused="false" scrollable="false" long-clickable="false" password="false" selected="false" bounds="[717,908][835,1018]" /><node index="2" text="3" resource-id="" class="android.view.View" package="de.hafas.android.cfl" content-desc="03 January 2026" checkable="false" checked="false" clickable="true" enabled="true" focusable="false" focused="false" scrollable="false" long-clickable="false" password="false" selected="false" bounds="[835,908][953,1018]" /><node index="3" text="4" resource-id="" class="android.view.View" package="de.hafas.android.cfl" content-desc="04 January 2026" checkable="false" checked="false" clickable="true" enabled="true" focusable="false" focused="false" scrollable="false" long-clickable="false" password="false" selected="false" bounds="[127,1018][245,1128]" /><node index="4" text="5" resource-id="" class="android.view.View" package="de.hafas.android.cfl" content-desc="05 January 2026" checkable="false" checked="false" clickable="true" enabled="true" focusable="false" focused="false" scrollable="false" long-clickable="false" password="false" selected="false" bounds="[245,1018][363,1128]" /><node index="5" text="6" resource-id="" class="android.view.View" package="de.hafas.android.cfl" content-desc="06 January 2026" checkable="false" checked="false" clickable="true" enabled="true" focusable="false" focused="false" scrollable="false" long-clickable="false" password="false" selected="false" bounds="[363,1018][481,1128]" /><node index="6" text="7" resource-id="" class="android.view.View" package="de.hafas.android.cfl" content-desc="07 January 2026" checkable="false" checked="false" clickable="true" enabled="true" focusable="false" focused="false" scrollable="false" long-clickable="false" password="false" selected="false" bounds="[481,1018][599,1128]" /><node index="7" text="8" resource-id="" class="android.view.View" package="de.hafas.android.cfl" content-desc="08 January 2026" checkable="false" checked="true" clickable="true" enabled="true" focusable="false" focused="false" scrollable="false" long-clickable="false" password="false" selected="true" bounds="[599,1018][717,1128]" /><node index="8" text="9" resource-id="" class="android.view.View" package="de.hafas.android.cfl" content-desc="09 January 2026" checkable="false" checked="false" clickable="true" enabled="true" focusable="false" focused="false" scrollable="false" long-clickable="false" password="false" selected="false" bounds="[717,1018][835,1128]" /><node index="9" text="10" resource-id="" class="android.view.View" package="de.hafas.android.cfl" content-desc="10 January 2026" checkable="false" checked="false" clickable="true" enabled="true" focusable="false" focused="false" scrollable="false" long-clickable="false" password="false" selected="false" bounds="[835,1018][953,1128]" /><node index="10" text="11" resource-id="" class="android.view.View" package="de.hafas.android.cfl" content-desc="11 January 2026" checkable="false" checked="false" clickable="true" enabled="true" focusable="false" focused="false" scrollable="false" long-clickable="false" password="false" selected="false" bounds="[127,1128][245,1238]" /><node index="11" text="12" resource-id="" class="android.view.View" package="de.hafas.android.cfl" content-desc="12 January 2026" checkable="false" checked="false" clickable="true" enabled="true" focusable="false" focused="false" scrollable="false" long-clickable="false" password="false" selected="false" bounds="[245,1128][363,1238]" /><node index="12" text="13" resource-id="" class="android.view.View" package="de.hafas.android.cfl" content-desc="13 January 2026" checkable="false" checked="false" clickable="true" enabled="true" focusable="false" focused="false" scrollable="false" long-clickable="false" password="false" selected="false" bounds="[363,1128][481,1238]" /><node index="13" text="14" resource-id="" class="android.view.View" package="de.hafas.android.cfl" content-desc="14 January 2026" checkable="false" checked="false" clickable="true" enabled="true" focusable="false" focused="false" scrollable="false" long-clickable="false" password="false" selected="false" bounds="[481,1128][599,1238]" /><node index="14" text="15" resource-id="" class="android.view.View" package="de.hafas.android.cfl" content-desc="15 January 2026" checkable="false" checked="false" clickable="true" enabled="true" focusable="false" focused="false" scrollable="false" long-clickable="false" password="false" selected="false" bounds="[599,1128][717,1238]" /><node index="15" text="16" resource-id="" class="android.view.View" package="de.hafas.android.cfl" content-desc="16 January 2026" checkable="false" checked="false" clickable="true" enabled="true" focusable="false" focused="false" scrollable="false" long-clickable="false" password="false" selected="false" bounds="[717,1128][835,1238]" /><node index="16" text="17" resource-id="" class="android.view.View" package="de.hafas.android.cfl" content-desc="17 January 2026" checkable="false" checked="false" clickable="true" enabled="true" focusable="false" focused="false" scrollable="false" long-clickable="false" password="false" selected="false" bounds="[835,1128][953,1238]" /><node index="17" text="18" resource-id="" class="android.view.View" package="de.hafas.android.cfl" content-desc="18 January 2026" checkable="false" checked="false" clickable="true" enabled="true" focusable="false" focused="false" scrollable="false" long-clickable="false" password="false" selected="false" bounds="[127,1238][245,1348]" /><node index="18" text="19" resource-id="" class="android.view.View" package="de.hafas.android.cfl" content-desc="19 January 2026" checkable="false" checked="false" clickable="true" enabled="true" focusable="false" focused="false" scrollable="false" long-clickable="false" password="false" selected="false" bounds="[245,1238][363,1348]" /><node index="19" text="20" resource-id="" class="android.view.View" package="de.hafas.android.cfl" content-desc="20 January 2026" checkable="false" checked="false" clickable="true" enabled="true" focusable="false" focused="false" scrollable="false" long-clickable="false" password="false" selected="false" bounds="[363,1238][481,1348]" /><node index="20" text="21" resource-id="" class="android.view.View" package="de.hafas.android.cfl" content-desc="21 January 2026" checkable="false" checked="false" clickable="true" enabled="true" focusable="false" focused="false" scrollable="false" long-clickable="false" password="false" selected="false" bounds="[481,1238][599,1348]" /><node index="21" text="22" resource-id="" class="android.view.View" package="de.hafas.android.cfl" content-desc="22 January 2026" checkable="false" checked="false" clickable="true" enabled="true" focusable="false" focused="false" scrollable="false" long-clickable="false" password="false" selected="false" bounds="[599,1238][717,1348]" /><node index="22" text="23" resource-id="" class="android.view.View" package="de.hafas.android.cfl" content-desc="23 January 2026" checkable="false" checked="false" clickable="true" enabled="true" focusable="false" focused="false" scrollable="false" long-clickable="false" password="false" selected="false" bounds="[717,1238][835,1348]" /><node index="23" text="24" resource-id="" class="android.view.View" package="de.hafas.android.cfl" content-desc="24 January 2026" checkable="false" checked="false" clickable="true" enabled="true" focusable="false" focused="false" scrollable="false" long-clickable="false" password="false" selected="false" bounds="[835,1238][953,1348]" /><node index="24" text="25" resource-id="" class="android.view.View" package="de.hafas.android.cfl" content-desc="25 January 2026" checkable="false" checked="false" clickable="true" enabled="true" focusable="false" focused="false" scrollable="false" long-clickable="false" password="false" selected="false" bounds="[127,1348][245,1458]" /><node index="25" text="26" resource-id="" class="android.view.View" package="de.hafas.android.cfl" content-desc="26 January 2026" checkable="false" checked="false" clickable="true" enabled="true" focusable="false" focused="false" scrollable="false" long-clickable="false" password="false" selected="false" bounds="[245,1348][363,1458]" /><node index="26" text="27" resource-id="" class="android.view.View" package="de.hafas.android.cfl" content-desc="27 January 2026" checkable="false" checked="false" clickable="true" enabled="true" focusable="false" focused="false" scrollable="false" long-clickable="false" password="false" selected="false" bounds="[363,1348][481,1458]" /><node index="27" text="28" resource-id="" class="android.view.View" package="de.hafas.android.cfl" content-desc="28 January 2026" checkable="false" checked="false" clickable="true" enabled="true" focusable="false" focused="false" scrollable="false" long-clickable="false" password="false" selected="false" bounds="[481,1348][599,1458]" /><node index="28" text="29" resource-id="" class="android.view.View" package="de.hafas.android.cfl" content-desc="29 January 2026" checkable="false" checked="false" clickable="true" enabled="true" focusable="false" focused="false" scrollable="false" long-clickable="false" password="false" selected="false" bounds="[599,1348][717,1458]" /><node index="29" text="30" resource-id="" class="android.view.View" package="de.hafas.android.cfl" content-desc="30 January 2026" checkable="false" checked="false" clickable="true" enabled="true" focusable="false" focused="false" scrollable="false" long-clickable="false" password="false" selected="false" bounds="[717,1348][835,1458]" /><node index="30" text="31" resource-id="" class="android.view.View" package="de.hafas.android.cfl" content-desc="31 January 2026" checkable="false" checked="false" clickable="true" enabled="true" focusable="false" focused="false" scrollable="false" long-clickable="false" password="false" selected="false" bounds="[835,1348][953,1458]" /></node></node><node index="1" text="" resource-id="android:id/prev" class="android.widget.ImageButton" package="de.hafas.android.cfl" content-desc="Previous month" checkable="false" checked="false" clickable="true" enabled="true" focusable="true" focused="false" scrollable="false" long-clickable="false" password="false" selected="false" bounds="[120,666][252,798]" /><node index="2" text="" resource-id="android:id/next" class="android.widget.ImageButton" package="de.hafas.android.cfl" content-desc="Next month" checkable="false" checked="false" clickable="true" enabled="true" focusable="true" focused="false" scrollable="false" long-clickable="false" password="false" selected="false" bounds="[828,666][960,798]" /></node><node index="3" text="" resource-id="de.hafas.android.cfl:id/buttonPanel" class="android.widget.ScrollView" package="de.hafas.android.cfl" content-desc="" checkable="false" checked="false" clickable="false" enabled="true" focusable="true" focused="false" scrollable="false" long-clickable="false" password="false" selected="false" bounds="[72,1568][1008,1722]"><node index="0" text="CANCEL" resource-id="android:id/button2" class="android.widget.Button" package="de.hafas.android.cfl" content-desc="" checkable="false" checked="false" clickable="true" enabled="true" focusable="true" focused="false" scrollable="false" long-clickable="false" password="false" selected="false" bounds="[587,1579][799,1711]" /><node index="1" text="OK" resource-id="android:id/button1" class="android.widget.Button" package="de.hafas.android.cfl" content-desc="" checkable="false" checked="false" clickable="true" enabled="true" focusable="true" focused="false" scrollable="false" long-clickable="false" password="false" selected="false" bounds="[799,1579][975,1711]" /></node></node></hierarchy>