<?xml version='1.0' encoding='UTF-8' standalone='yes' ?><hierarchy rotation="0"><node index="0" text="" resource-id="" class="android.widget.FrameLayout" package="de.hafas.android.cfl" content-desc="" checkable="false" checked="false" clickable="false" enabled="true" focusable="false" focused="false" scrollable="false" long-clickable="false" password="false" selected="false" bounds="[0,0][1080,2028]"><node index="0" text="" resource-id="de.hafas.android.cfl:id/drawer_layout" class="androidx.drawerlayout.widget.DrawerLayout" package="de.hafas.android.cfl" content-desc="" checkable="false" checked="false" clickable="false" enabled="true" focusable="false" focused="false" scrollable="false" long-clickable="false" password="false" selected="false" bounds="[0,0][1080,2028]"><node index="0" text="" resource-id="de.hafas.android.cfl:id/main_container" class="android.widget.LinearLayout" package="de.hafas.android.cfl" content-desc="" checkable="false" checked="false" clickable="false" enabled="true" focusable="false" focused="false" scrollable="false" long-clickable="false" password="false" selected="false" bounds="[0,0][1080,2028]"><node index="0" text="" resource-id="de.hafas.android.cfl:id/toolbar" class="android.view.ViewGroup" package="de.hafas.android.cfl" content-desc="" checkable="false" checked="false" clickable="false" enabled="true" focusable="false" focused="false" scrollable="false" long-clickable="false" password="false" selected="false" bounds="[0,0][1080,231]"><node index="0" text="" resource-id="" class="android.widget.ImageButton" package="de.hafas.android.cfl" content-desc="Navigate up" checkable="false" checked="false" clickable="true" enabled="true" focusable="true" focused="false" scrollable="false" long-clickable="false" password="false" selected="false" bounds="[0,77][154,231]" /><node index="1" text="Route details" resource-id="" class="android.widget.TextView" package="de.hafas.android.cfl" content-desc="" checkable="false" checked="false" clickable="false" enabled="true" focusable="false" focused="false" scrollable="false" long-clickable="false" password="false" selected="false" bounds="[198,117][520,191]" /><node index="2" text="" resource-id="de.hafas.android.cfl:string/haf_show_map" class="android.widget.Button" package="de.hafas.android.cfl" content-desc="Map view" checkable="false" checked="false" clickable="true" enabled="true" focusable="true" focused="false" scrollable="false" long-clickable="false" password="false" selected="false" bounds="[948,88][1080,220]" /></node><node index="1" text="" resource-id="de.hafas.android.cfl:id/journey_details_head" class="android.widget.LinearLayout" package="de.hafas.android.cfl" content-desc="Travel with I C 2132 To Bruxelles-Midi (Belgium)" checkable="false" checked="false" clickable="false" enabled="true" focusable="false" focused="false" scrollable="false" long-clickable="false" password="false" selected="false" bounds="[44,231][1036,341]" /><node index="3" text="" resource-id="de.hafas.android.cfl:id/rv_journey_details" class="androidx.recyclerview.widget.RecyclerView" package="de.hafas.android.cfl" content-desc="" checkable="false" checked="false" clickable="false" enabled="true" focusable="true" focused="false" scrollable="true" long-clickable="false" password="false" selected="false" bounds="[0,341][1080,2028]"><node index="0" text="" resource-id="" class="android.widget.LinearLayout" package="de.hafas.android.cfl" content-desc="" checkable="false" checked="false" clickable="false" enabled="true" focusable="false" focused="false" scrollable="false" long-clickable="false" password="false" selected="false" bounds="[0,341][1080,945]"><node index="0" text="" resource-id="" class="android.view.ViewGroup" package="de.hafas.android.cfl" content-desc="Info: Bicycle zone" checkable="false" checked="false" clickable="false" enabled="true" focusable="false" focused="false" scrollable="false" long-clickable="false" password="false" selected="false" bounds="[44,358][1036,418]"><node index="0" text="" resource-id="de.hafas.android.cfl:id/text_alignment" class="android.widget.TextView" package="de.hafas.android.cfl" content-desc="" checkable="false" checked="false" clickable="false" enabled="true" focusable="false" focused="false" scrollable="false" long-clickable="false" password="false" selected="false" bounds="[110,358][1036,407]" /></node><node index="1" text="" resource-id="" class="android.view.ViewGroup" package="de.hafas.android.cfl" content-desc="Info: Power socket available (Luxembourg)" checkable="false" checked="false" clickable="false" enabled="true" focusable="false" focused="false" scrollable="false" long-clickable="false" password="false" selected="false" bounds="[44,418][1036,478]"><node index="0" text="" resource-id="de.hafas.android.cfl:id/text_alignment" class="android.widget.TextView" package="de.hafas.android.cfl" content-desc="" checkable="false" checked="false" clickable="false" enabled="true" focusable="false" focused="false" scrollable="false" long-clickable="false" password="false" selected="false" bounds="[110,418][1036,467]" /></node><node index="2" text="" resource-id="" class="android.view.ViewGroup" package="de.hafas.android.cfl" content-desc="Info: First-class seats" checkable="false" checked="false" clickable="false" enabled="true" focusable="false" focused="false" scrollable="false" long-clickable="false" password="false" selected="false" bounds="[44,478][1036,538]"><node index="0" text="" resource-id="de.hafas.android.cfl:id/text_alignment" class="android.widget.TextView" package="de.hafas.android.cfl" content-desc="" checkable="false" checked="false" clickable="false" enabled="true" focusable="false" focused="false" scrollable="false" long-clickable="false" password="false" selected="false" bounds="[110,478][1036,527]" /></node><node index="3" text="" resource-id="" class="android.view.ViewGroup" package="de.hafas.android.cfl" content-desc="Info: Second-class seats" checkable="false" checked="false" clickable="false" enabled="true" focusable="false" focused="false" scrollable="false" long-clickable="false" password="false" selected="false" bounds="[44,538][1036,598]"><node index="0" text="" resource-id="de.hafas.android.cfl:id/text_alignment" class="android.widget.TextView" package="de.hafas.android.cfl" content-desc="" checkable="false" checked="false" clickable="false" enabled="true" focusable="false" focused="false" scrollable="false" long-clickable="false" password="false" selected="false" bounds="[110,538][1036,587]" /></node><node index="4" text="" resource-id="" class="android.view.ViewGroup" package="de.hafas.android.cfl" content-desc="Info: Non smoker service (Luxembourg)" checkable="false" checked="false" clickable="false" enabled="true" focusable="false" focused="false" scrollable="false" long-clickable="false" password="false" selected="false" bounds="[44,598][1036,658]"><node index="0" text="" resource-id="de.hafas.android.cfl:id/text_alignment" class="android.widget.TextView" package="de.hafas.android.cfl" content-desc="" checkable="false" checked="false" clickable="false" enabled="true" focusable="false" focused="false" scrollable="false" long-clickable="false" password="false" selected="false" bounds="[110,598][1036,647]" /></node><node index="5" text="" resource-id="" class="android.view.ViewGroup" package="de.hafas.android.cfl" content-desc="Info: Wheelchair access (Luxembourg)" checkable="false" checked="false" clickable="false" enabled="true" focusable="false" focused="false" scrollable="false" long-clickable="false" password="false" selected="false" bounds="[44,658][1036,718]"><node index="0" text="" resource-id="de.hafas.android.cfl:id/text_alignment" class="android.widget.TextView" package="de.hafas.android.cfl" content-desc="" checkable="false" checked="false" clickable="false" enabled="true" focusable="false" focused="false" scrollable="false" long-clickable="false" password="false" selected="false" bounds="[110,658][1036,707]" /></node><node index="6" text="" resource-id="" class="android.view.ViewGroup" package="de.hafas.android.cfl" content-desc="Info: NRT tariff is applicable for the given travel service (NRT = Non Reservation Ticket) (Arlon (Belgium) - Bruxelles-Midi (Belgium))" checkable="false" checked="false" clickable="false" enabled="true" focusable="false" focused="false" scrollable="false" long-clickable="false" password="false" selected="false" bounds="[44,718][1036,862]"><node index="0" text="" resource-id="de.hafas.android.cfl:id/text_alignment" class="android.widget.TextView" package="de.hafas.android.cfl" content-desc="" checkable="false" checked="false" clickable="false" enabled="true" focusable="false" focused="false" scrollable="false" long-clickable="false" password="false" selected="false" bounds="[110,718][1036,767]" /></node></node><node index="1" text="" resource-id="" class="android.view.ViewGroup" package="de.hafas.android.cfl" content-desc="Station Luxembourg  Departure at 9:11am  from Platform 1 &#10;&#10;" checkable="false" checked="false" clickable="true" enabled="true" focusable="true" focused="false" scrollable="false" long-clickable="false" password="false" selected="false" bounds="[0,945][1080,1075]"><node index="0" text="9:11am" resource-id="de.hafas.android.cfl:id/stoptime_departure" class="android.widget.TextView" package="de.hafas.android.cfl" content-desc="9:11am" checkable="false" checked="false" clickable="false" enabled="true" focusable="false" focused="false" scrollable="false" long-clickable="false" password="false" selected="false" bounds="[83,982][276,1035]" /><node index="1" text="Luxembourg" resource-id="de.hafas.android.cfl:id/text_message" class="android.widget.TextView" package="de.hafas.android.cfl" content-desc="" checkable="false" checked="false" clickable="false" enabled="true" focusable="false" focused="false" scrollable="false" long-clickable="false" password="false" selected="false" bounds="[287,982][506,1035]" /><node index="2" text="Pl. 1" resource-id="de.hafas.android.cfl:id/text_platform_departure" class="android.widget.TextView" package="de.hafas.android.cfl" content-desc="" checkable="false" checked="false" clickable="false" enabled="true" focusable="false" focused="false" scrollable="false" long-clickable="false" password="false" selected="false" bounds="[927,982][1036,1035]" /></node><node index="2" text="" resource-id="" class="android.view.ViewGroup" package="de.hafas.android.cfl" content-desc="Station Arlon (Belgium)  Arrival 9:31am  at Platform 3  Departure at 9:34am  from Platform 3 &#10;&#10;" checkable="false" checked="false" clickable="true" enabled="true" focusable="true" focused="false" scrollable="false" long-clickable="false" password="false" selected="false" bounds="[0,1075][1080,1205]"><node index="0" text="9:31am" resource-id="de.hafas.android.cfl:id/stoptime_arrival" class="android.widget.TextView" package="de.hafas.android.cfl" content-desc="9:31am" checkable="false" checked="false" clickable="false" enabled="true" focusable="false" focused="false" scrollable="false" long-clickable="false" password="false" selected="false" bounds="[83,1094][276,1138]" /><node index="1" text="9:34am" resource-id="de.hafas.android.cfl:id/stoptime_departure" class="android.widget.TextView" package="de.hafas.android.cfl" content-desc="9:34am" checkable="false" checked="false" clickable="false" enabled="true" focusable="false" focused="false" scrollable="false" long-clickable="false" password="false" selected="false" bounds="[83,1138][276,1182]" /><node index="2" text="Arlon (Belgium)" resource-id="de.hafas.android.cfl:id/text_message" class="android.widget.TextView" package="de.hafas.android.cfl" content-desc="" checkable="false" checked="false" clickable="false" enabled="true" focusable="false" focused="false" scrollable="false" long-clickable="false" password="false" selected="false" bounds="[287,1114][537,1163]" /><node index="3" text="Pl. 3" resource-id="de.hafas.android.cfl:id/text_platform_departure" class="android.widget.TextView" package="de.hafas.android.cfl" content-desc="" checkable="false" checked="false" clickable="false" enabled="true" focusable="false" focused="false" scrollable="false" long-clickable="false" password="false" selected="false" bounds="[932,1114][1036,1163]" /></node><node index="3" text="" resource-id="" class="android.view.ViewGroup" package="de.hafas.android.cfl" content-desc="Station Marbehan (Belgium)  Arrival 9:46am  at Platform 2  Departure at 9:47am  from Platform 2 &#10;&#10;" checkable="false" checked="false" clickable="true" enabled="true" focusable="true" focused="false" scrollable="false" long-clickable="false" password="false" selected="false" bounds="[0,1205][1080,1335]"><node index="0" text="9:46am" resource-id="de.hafas.android.cfl:id/stoptime_arrival" class="android.widget.TextView" package="de.hafas.android.cfl" content-desc="9:46am" checkable="false" checked="false" clickable="false" enabled="true" focusable="false" focused="false" scrollable="false" long-clickable="false" password="false" selected="false" bounds="[83,1224][276,1268]" /><node index="1" text="9:47am" resource-id="de.hafas.android.cfl:id/stoptime_departure" class="android.widget.TextView" package="de.hafas.android.cfl" content-desc="9:47am" checkable="false" checked="false" clickable="false" enabled="true" focusable="false" focused="false" scrollable="false" long-clickable="false" password="false" selected="false" bounds="[83,1268][276,1312]" /><node index="2" text="Marbehan (Belgium)" resource-id="de.hafas.android.cfl:id/text_message" class="android.widget.TextView" package="de.hafas.android.cfl" content-desc="" checkable="false" checked="false" clickable="false" enabled="true" focusable="false" focused="false" scrollable="false" long-clickable="false" password="false" selected="false" bounds="[287,1244][614,1293]" /><node index="3" text="Pl. 2" resource-id="de.hafas.android.cfl:id/text_platform_departure" class="android.widget.TextView" package="de.hafas.android.cfl" content-desc="" checkable="false" checked="false" clickable="false" enabled="true" focusable="false" focused="false" scrollable="false" long-clickable="false" password="false" selected="false" bounds="[932,1244][1036,1293]" /></node><node index="4" text="" resource-id="" class="android.view.ViewGroup" package="de.hafas.android.cfl" content-desc="Station Libramont (Belgium)  Arrival 10:02am  at Platform 2  Departure at 10:04am  from Platform 2 &#10;&#10;" checkable="false" checked="false" clickable="true" enabled="true" focusable="true" focused="false" scrollable="false" long-clickable="false" password="false" selected="false" bounds="[0,1335][1080,1465]"><node index="0" text="10:02am" resource-id="de.hafas.android.cfl:id/stoptime_arrival" class="android.widget.TextView" package="de.hafas.android.cfl" content-desc="10:02am" checkable="false" checked="false" clickable="false" enabled="true" focusable="false" focused="false" scrollable="false" long-clickable="false" password="false" selected="false" bounds="[83,1354][276,1398]" /><node index="1" text="10:04am" resource-id="de.hafas.android.cfl:id/stoptime_departure" class="android.widget.TextView" package="de.hafas.android.cfl" content-desc="10:04am" checkable="false" checked="false" clickable="false" enabled="true" focusable="false" focused="false" scrollable="false" long-clickable="false" password="false" selected="false" bounds="[83,1398][276,1442]" /><node index="2" text="Libramont (Belgium)" resource-id="de.hafas.android.cfl:id/text_message" class="android.widget.TextView" package="de.hafas.android.cfl" content-desc="" checkable="false" checked="false" clickable="false" enabled="true" focusable="false" focused="false" scrollable="false" long-clickable="false" password="false" selected="false" bounds="[287,1374][617,1423]" /><node index="3" text="Pl. 2" resource-id="de.hafas.android.cfl:id/text_platform_departure" class="android.widget.TextView" package="de.hafas.android.cfl" content-desc="" checkable="false" checked="false" clickable="false" enabled="true" focusable="false" focused="false" scrollable="false" long-clickable="false" password="false" selected="false" bounds="[932,1374][1036,1423]" /></node><node index="5" text="" resource-id="" class="android.view.ViewGroup" package="de.hafas.android.cfl" content-desc="Station Rochefort-Jemelle (Belgium)  Arrival 10:27am  at Platform 6  Departure at 10:30am  from Platform 6 &#10;&#10;" checkable="false" checked="false" clickable="true" enabled="true" focusable="true" focused="false" scrollable="false" long-clickable="false" password="false" selected="false" bounds="[0,1465][1080,1595]"><node index="0" text="10:27am" resource-id="de.hafas.android.cfl:id/stoptime_arrival" class="android.widget.TextView" package="de.hafas.android.cfl" content-desc="10:27am" checkable="false" checked="false" clickable="false" enabled="true" focusable="false" focused="false" scrollable="false" long-clickable="false" password="false" selected="false" bounds="[83,1484][276,1528]" /><node index="1" text="10:30am" resource-id="de.hafas.android.cfl:id/stoptime_departure" class="android.widget.TextView" package="de.hafas.android.cfl" content-desc="10:30am" checkable="false" checked="false" clickable="false" enabled="true" focusable="false" focused="false" scrollable="false" long-clickable="false" password="false" selected="false" bounds="[83,1528][276,1572]" /><node index="2" text="Rochefort-Jemelle (Belgium)" resource-id="de.hafas.android.cfl:id/text_message" class="android.widget.TextView" package="de.hafas.android.cfl" content-desc="" checkable="false" checked="false" clickable="false" enabled="true" focusable="false" focused="false" scrollable="false" long-clickable="false" password="false" selected="false" bounds="[287,1504][749,1553]" /><node index="3" text="Pl. 6" resource-id="de.hafas.android.cfl:id/text_platform_departure" class="android.widget.TextView" package="de.hafas.android.cfl" content-desc="" checkable="false" checked="false" clickable="false" enabled="true" focusable="false" focused="false" scrollable="false" long-clickable="false" password="false" selected="false" bounds="[932,1504][1036,1553]" /></node><node index="6" text="" resource-id="" class="android.view.ViewGroup" package="de.hafas.android.cfl" content-desc="Station Marloie (Belgium)  Arrival 10:36am  at Platform 4  Departure at 10:38am  from Platform 4 &#10;&#10;" checkable="false" checked="false" clickable="true" enabled="true" focusable="true" focused="false" scrollable="false" long-clickable="false" password="false" selected="false" bounds="[0,1595][1080,1725]"><node index="0" text="10:36am" resource-id="de.hafas.android.cfl:id/stoptime_arrival" class="android.widget.TextView" package="de.hafas.android.cfl" content-desc="10:36am" checkable="false" checked="false" clickable="false" enabled="true" focusable="false" focused="false" scrollable="false" long-clickable="false" password="false" selected="false" bounds="[83,1614][276,1658]" /><node index="1" text="10:38am" resource-id="de.hafas.android.cfl:id/stoptime_departure" class="android.widget.TextView" package="de.hafas.android.cfl" content-desc="10:38am" checkable="false" checked="false" clickable="false" enabled="true" focusable="false" focused="false" scrollable="false" long-clickable="false" password="false" selected="false" bounds="[83,1658][276,1702]" /><node index="2" text="Marloie (Belgium)" resource-id="de.hafas.android.cfl:id/text_message" class="android.widget.TextView" package="de.hafas.android.cfl" content-desc="" checkable="false" checked="false" clickable="false" enabled="true" focusable="false" focused="false" scrollable="false" long-clickable="false" password="false" selected="false" bounds="[287,1634][573,1683]" /><node index="3" text="Pl. 4" resource-id="de.hafas.android.cfl:id/text_platform_departure" class="android.widget.TextView" package="de.hafas.android.cfl" content-desc="" checkable="false" checked="false" clickable="false" enabled="true" focusable="false" focused="false" scrollable="false" long-clickable="false" password="false" selected="false" bounds="[932,1634][1036,1683]" /></node><node index="7" text="" resource-id="" class="android.view.ViewGroup" package="de.hafas.android.cfl" content-desc="Station Ciney (Belgium)  Arrival 10:55am  at Platform 4  Departure at 10:56am  from Platform 4 &#10;&#10;" checkable="false" checked="false" clickable="true" enabled="true" focusable="true" focused="false" scrollable="false" long-clickable="false" password="false" selected="false" bounds="[0,1725][1080,1855]"><node index="0" text="10:55am" resource-id="de.hafas.android.cfl:id/stoptime_arrival" class="android.widget.TextView" package="de.hafas.android.cfl" content-desc="10:55am" checkable="false" checked="false" clickable="false" enabled="true" focusable="false" focused="false" scrollable="false" long-clickable="false" password="false" selected="false" bounds="[83,1744][276,1788]" /><node index="1" text="10:56am" resource-id="de.hafas.android.cfl:id/stoptime_departure" class="android.widget.TextView" package="de.hafas.android.cfl" content-desc="10:56am" checkable="false" checked="false" clickable="false" enabled="true" focusable="false" focused="false" scrollable="false" long-clickable="false" password="false" selected="false" bounds="[83,1788][276,1832]" /><node index="2" text="Ciney (Belgium)" resource-id="de.hafas.android.cfl:id/text_message" class="android.widget.TextView" package="de.hafas.android.cfl" content-desc="" checkable="false" checked="false" clickable="false" enabled="true" focusable="false" focused="false" scrollable="false" long-clickable="false" password="false" selected="false" bounds="[287,1764][540,1813]" /><node index="3" text="Pl. 4" resource-id="de.hafas.android.cfl:id/text_platform_departure" class="android.widget.TextView" package="de.hafas.android.cfl" content-desc="" checkable="false" checked="false" clickable="false" enabled="true" focusable="false" focused="false" scrollable="false" long-clickable="false" password="false" selected="false" bounds="[932,1764][1036,1813]" /></node><node index="8" text="" resource-id="" class="android.view.ViewGroup" package="de.hafas.android.cfl" content-desc="Station Namur (Belgium)  Arrival 11:12am  at Platform 9  Departure at 11:18am  from Platform 9 &#10;&#10;" checkable="false" checked="false" clickable="true" enabled="true" focusable="true" focused="false" scrollable="false" long-clickable="false" password="false" selected="false" bounds="[0,1855][1080,1985]"><node index="0" text="11:12am" resource-id="de.hafas.android.cfl:id/stoptime_arrival" class="android.widget.TextView" package="de.hafas.android.cfl" content-desc="11:12am" checkable="false" checked="false" clickable="false" enabled="true" focusable="false" focused="false" scrollable="false" long-clickable="false" password="false" selected="false" bounds="[83,1874][276,1918]" /><node index="1" text="11:18am" resource-id="de.hafas.android.cfl:id/stoptime_departure" class="android.widget.TextView" package="de.hafas.android.cfl" content-desc="11:18am" checkable="false" checked="false" clickable="false" enabled="true" focusable="false" focused="false" scrollable="false" long-clickable="false" password="false" selected="false" bounds="[83,1918][276,1962]" /><node index="2" text="Namur (Belgium)" resource-id="de.hafas.android.cfl:id/text_message" class="android.widget.TextView" package="de.hafas.android.cfl" content-desc="" checkable="false" checked="false" clickable="false" enabled="true" focusable="false" focused="false" scrollable="false" long-clickable="false" password="false" selected="false" bounds="[287,1894][562,1943]" /><node index="3" text="Pl. 9" resource-id="de.hafas.android.cfl:id/text_platform_departure" class="android.widget.TextView" package="de.hafas.android.cfl" content-desc="" checkable="false" checked="false" clickable="false" enabled="true" focusable="false" focused="false" scrollable="false" long-clickable="false" password="false" selected="false" bounds="[932,1894][1036,1943]" /></node><node index="9" text="" resource-id="" class="android.view.ViewGroup" package="de.hafas.android.cfl" content-desc="Station Gembloux (Belgium)  Arrival 11:29am  at Platform 3  Departure at 11:30am  from Platform 3 &#10;&#10;" checkable="false" checked="false" clickable="true" enabled="true" focusable="true" focused="false" scrollable="false" long-clickable="false" password="false" selected="false" bounds="[0,1985][1080,2028]"><node index="0" text="11:29am" resource-id="de.hafas.android.cfl:id/stoptime_arrival" class="android.widget.TextView" package="de.hafas.android.cfl" content-desc="11:29am" checkable="false" checked="false" clickable="false" enabled="true" focusable="false" focused="false" scrollable="false" long-clickable="false" password="false" selected="false" bounds="[83,2004][276,2028]" /><node index="2" text="Gembloux (Belgium)" resource-id="de.hafas.android.cfl:id/text_message" class="android.widget.TextView" package="de.hafas.android.cfl" content-desc="" checkable="false" checked="false" clickable="false" enabled="true" focusable="false" focused="false" scrollable="false" long-clickable="false" password="false" selected="false" bounds="[287,2024][616,2028]" /><node index="3" text="Pl. 3" resource-id="de.hafas.android.cfl:id/text_platform_departure" class="android.widget.TextView" package="de.hafas.android.cfl" content-desc="" checkable="false" checked="false" clickable="false" enabled="true" focusable="false" focused="false" scrollable="false" long-clickable="false" password="false" selected="false" bounds="[932,2024][1036,2028]" /></node></node></node></node></node></hierarchy>