<?xml version='1.0' encoding='UTF-8' standalone='yes' ?><hierarchy rotation="0"><node index="0" text="" resource-id="" class="android.widget.FrameLayout" package="com.termux" content-desc="" checkable="false" checked="false" clickable="false" enabled="true" focusable="false" focused="false" scrollable="false" long-clickable="false" password="false" selected="false" bounds="[0,0][1080,2028]"><node index="0" text="" resource-id="com.termux:id/drawer_layout" class="androidx.drawerlayout.widget.DrawerLayout" package="com.termux" content-desc="" checkable="false" checked="false" clickable="false" enabled="true" focusable="false" focused="false" scrollable="false" long-clickable="false" password="false" selected="false" bounds="[8,77][1072,1022]"><node index="0" text="" resource-id="com.termux:id/terminal_view" class="android.view.View" package="com.termux" content-desc="" checkable="false" checked="false" clickable="false" enabled="true" focusable="true" focused="true" scrollable="false" long-clickable="true" password="false" selected="false" bounds="[8,77][1072,1022]" /></node><node index="1" text="" resource-id="com.termux:id/terminal_toolbar_view_pager" class="androidx.viewpager.widget.ViewPager" package="com.termux" content-desc="" checkable="false" checked="false" clickable="false" enabled="true" focusable="true" focused="false" scrollable="true" long-clickable="false" password="false" selected="false" bounds="[8,1022][1072,1228]"><node index="0" text="ESC" resource-id="" class="android.widget.Button" package="com.termux" content-desc="" checkable="false" checked="false" clickable="true" enabled="true" focusable="true" focused="false" scrollable="false" long-clickable="false" password="false" selected="false" bounds="[8,1022][160,1125]" /><node index="1" text="☰" resource-id="" class="android.widget.Button" package="com.termux" content-desc="" checkable="false" checked="false" clickable="true" enabled="true" focusable="true" focused="false" scrollable="false" long-clickable="false" password="false" selected="false" bounds="[160,1022][312,1125]" /><node index="2" text="⇳" resource-id="" class="android.widget.Button" package="com.termux" content-desc="" checkable="false" checked="false" clickable="true" enabled="true" focusable="true" focused="false" scrollable="false" long-clickable="false" password="false" selected="false" bounds="[312,1022][464,1125]" /><node index="3" text="HOME" resource-id="" class="android.widget.Button" package="com.termux" content-desc="" checkable="false" checked="false" clickable="true" enabled="true" focusable="true" focused="false" scrollable="false" long-clickable="false" password="false" selected="false" bounds="[464,1022][616,1125]" /><node index="4" text="↑" resource-id="" class="android.widget.Button" package="com.termux" content-desc="" checkable="false" checked="false" clickable="true" enabled="true" focusable="true" focused="false" scrollable="false" long-clickable="false" password="false" selected="false" bounds="[616,1022][768,1125]" /><node index="5" text="END" resource-id="" class="android.widget.Button" package="com.termux" content-desc="" checkable="false" checked="false" clickable="true" enabled="true" focusable="true" focused="false" scrollable="false" long-clickable="false" password="false" selected="false" bounds="[768,1022][920,1125]" /><node index="6" text="PGUP" resource-id="" class="android.widget.Button" package="com.termux" content-desc="" checkable="false" checked="false" clickable="true" enabled="true" focusable="true" focused="false" scrollable="false" long-clickable="false" password="false" selected="false" bounds="[920,1022][1072,1125]" /><node index="7" text="↹" resource-id="" class="android.widget.Button" package="com.termux" content-desc="" checkable="false" checked="false" clickable="true" enabled="true" focusable="true" focused="false" scrollable="false" long-clickable="false" password="false" selected="false" bounds="[8,1125][160,1228]" /><node index="8" text="CTRL" resource-id="" class="android.widget.Button" package="com.termux" content-desc="" checkable="false" checked="false" clickable="true" enabled="true" focusable="true" focused="false" scrollable="false" long-clickable="false" password="false" selected="false" bounds="[160,1125][312,1228]" /><node index="9" text="ALT" resource-id="" class="android.widget.Button" package="com.termux" content-desc="" checkable="false" checked="false" clickable="true" enabled="true" focusable="true" focused="false" scrollable="false" long-clickable="false" password="false" selected="false" bounds="[312,1125][464,1228]" /><node index="10" text="←" resource-id="" class="android.widget.Button" package="com.termux" content-desc="" checkable="false" checked="false" clickable="true" enabled="true" focusable="true" focused="false" scrollable="false" long-clickable="false" password="false" selected="false" bounds="[464,1125][616,1228]" /><node index="11" text="↓" resource-id="" class="android.widget.Button" package="com.termux" content-desc="" checkable="false" checked="false" clickable="true" enabled="true" focusable="true" focused="false" scrollable="false" long-clickable="false" password="false" selected="false" bounds="[616,1125][768,1228]" /><node index="12" text="→" resource-id="" class="android.widget.Button" package="com.termux" content-desc="" checkable="false" checked="false" clickable="true" enabled="true" focusable="true" focused="false" scrollable="false" long-clickable="false" password="false" selected="false" bounds="[768,1125][920,1228]" /><node index="13" text="PGDN" resource-id="" class="android.widget.Button" package="com.termux" content-desc="" checkable="false" checked="false" clickable="true" enabled="true" focusable="true" focused="false" scrollable="false" long-clickable="false" password="false" selected="false" bounds="[920,1125][1072,1228]" /></node></node></hierarchy>