<?xml version='1.0' encoding='UTF-8' standalone='yes' ?><hierarchy rotation="0"><node index="0" text="" resource-id="" class="android.widget.FrameLayout" package="de.hafas.android.cfl" content-desc="" checkable="false" checked="false" clickable="false" enabled="true" focusable="false" focused="false" scrollable="false" long-clickable="false" password="false" selected="false" bounds="[0,0][1080,2028]"><node index="0" text="" resource-id="de.hafas.android.cfl:id/drawer_layout" class="androidx.drawerlayout.widget.DrawerLayout" package="de.hafas.android.cfl" content-desc="" checkable="false" checked="false" clickable="false" enabled="true" focusable="false" focused="false" scrollable="false" long-clickable="false" password="false" selected="false" bounds="[0,0][1080,2028]"><node index="0" text="" resource-id="de.hafas.android.cfl:id/main_container" class="android.widget.LinearLayout" package="de.hafas.android.cfl" content-desc="" checkable="false" checked="false" clickable="false" enabled="true" focusable="false" focused="false" scrollable="false" long-clickable="false" password="false" selected="false" bounds="[0,0][1080,2028]"><node index="0" text="" resource-id="de.hafas.android.cfl:id/toolbar" class="android.view.ViewGroup" package="de.hafas.android.cfl" content-desc="" checkable="false" checked="false" clickable="false" enabled="true" focusable="false" focused="false" scrollable="false" long-clickable="false" password="false" selected="false" bounds="[0,0][1080,231]"><node index="0" text="" resource-id="" class="android.widget.ImageButton" package="de.hafas.android.cfl" content-desc="Navigate up" checkable="false" checked="false" clickable="true" enabled="true" focusable="true" focused="false" scrollable="false" long-clickable="false" password="false" selected="false" bounds="[0,77][154,231]" /><node index="1" text="Route details" resource-id="" class="android.widget.TextView" package="de.hafas.android.cfl" content-desc="" checkable="false" checked="false" clickable="false" enabled="true" focusable="false" focused="false" scrollable="false" long-clickable="false" password="false" selected="false" bounds="[198,117][520,191]" /><node index="2" text="" resource-id="de.hafas.android.cfl:string/haf_show_map" class="android.widget.Button" package="de.hafas.android.cfl" content-desc="Map view" checkable="false" checked="false" clickable="true" enabled="true" focusable="true" focused="false" scrollable="false" long-clickable="false" password="false" selected="false" bounds="[948,88][1080,220]" /></node><node index="1" text="" resource-id="de.hafas.android.cfl:id/journey_details_head" class="android.widget.LinearLayout" package="de.hafas.android.cfl" content-desc="Travel with 5964 To Arlon (Belgium)" checkable="false" checked="false" clickable="false" enabled="true" focusable="false" focused="false" scrollable="false" long-clickable="false" password="false" selected="false" bounds="[44,231][1036,341]" /><node index="3" text="" resource-id="de.hafas.android.cfl:id/rv_journey_details" class="androidx.recyclerview.widget.RecyclerView" package="de.hafas.android.cfl" content-desc="" checkable="false" checked="false" clickable="false" enabled="true" focusable="true" focused="false" scrollable="true" long-clickable="false" password="false" selected="false" bounds="[0,341][1080,2028]"><node index="0" text="" resource-id="" class="android.view.ViewGroup" package="de.hafas.android.cfl" content-desc="Info: Bicycle zone" checkable="false" checked="false" clickable="false" enabled="true" focusable="false" focused="false" scrollable="false" long-clickable="false" password="false" selected="false" bounds="[44,358][1036,418]"><node index="0" text="" resource-id="de.hafas.android.cfl:id/text_alignment" class="android.widget.TextView" package="de.hafas.android.cfl" content-desc="" checkable="false" checked="false" clickable="false" enabled="true" focusable="false" focused="false" scrollable="false" long-clickable="false" password="false" selected="false" bounds="[110,358][1036,407]" /></node><node index="1" text="" resource-id="" class="android.view.ViewGroup" package="de.hafas.android.cfl" content-desc="Info: First-class seats" checkable="false" checked="false" clickable="false" enabled="true" focusable="false" focused="false" scrollable="false" long-clickable="false" password="false" selected="false" bounds="[44,418][1036,478]"><node index="0" text="" resource-id="de.hafas.android.cfl:id/text_alignment" class="android.widget.TextView" package="de.hafas.android.cfl" content-desc="" checkable="false" checked="false" clickable="false" enabled="true" focusable="false" focused="false" scrollable="false" long-clickable="false" password="false" selected="false" bounds="[110,418][1036,467]" /></node><node index="2" text="" resource-id="" class="android.view.ViewGroup" package="de.hafas.android.cfl" content-desc="Info: Second-class seats" checkable="false" checked="false" clickable="false" enabled="true" focusable="false" focused="false" scrollable="false" long-clickable="false" password="false" selected="false" bounds="[44,478][1036,538]"><node index="0" text="" resource-id="de.hafas.android.cfl:id/text_alignment" class="android.widget.TextView" package="de.hafas.android.cfl" content-desc="" checkable="false" checked="false" clickable="false" enabled="true" focusable="false" focused="false" scrollable="false" long-clickable="false" password="false" selected="false" bounds="[110,478][1036,527]" /></node><node index="3" text="" resource-id="" class="android.view.ViewGroup" package="de.hafas.android.cfl" content-desc="Info: NRT tariff is applicable for the given travel service (NRT = Non Reservation Ticket)" checkable="false" checked="false" clickable="false" enabled="true" focusable="false" focused="false" scrollable="false" long-clickable="false" password="false" selected="false" bounds="[44,538][1036,640]"><node index="0" text="" resource-id="de.hafas.android.cfl:id/text_alignment" class="android.widget.TextView" package="de.hafas.android.cfl" content-desc="" checkable="false" checked="false" clickable="false" enabled="true" focusable="false" focused="false" scrollable="false" long-clickable="false" password="false" selected="false" bounds="[110,538][1036,587]" /></node><node index="4" text="" resource-id="" class="android.view.ViewGroup" package="de.hafas.android.cfl" content-desc="Station Libramont (Belgium)  Departure at 2:56pm  from Platform 4 &#10;&#10;" checkable="false" checked="false" clickable="true" enabled="true" focusable="true" focused="false" scrollable="false" long-clickable="false" password="false" selected="false" bounds="[0,723][1080,853]"><node index="0" text="2:56pm" resource-id="de.hafas.android.cfl:id/stoptime_departure" class="android.widget.TextView" package="de.hafas.android.cfl" content-desc="2:56pm" checkable="false" checked="false" clickable="false" enabled="true" focusable="false" focused="false" scrollable="false" long-clickable="false" password="false" selected="false" bounds="[83,760][276,813]" /><node index="1" text="Libramont (Belgium)" resource-id="de.hafas.android.cfl:id/text_message" class="android.widget.TextView" package="de.hafas.android.cfl" content-desc="" checkable="false" checked="false" clickable="false" enabled="true" focusable="false" focused="false" scrollable="false" long-clickable="false" password="false" selected="false" bounds="[287,760][648,813]" /><node index="2" text="Pl. 4" resource-id="de.hafas.android.cfl:id/text_platform_departure" class="android.widget.TextView" package="de.hafas.android.cfl" content-desc="" checkable="false" checked="false" clickable="false" enabled="true" focusable="false" focused="false" scrollable="false" long-clickable="false" password="false" selected="false" bounds="[927,760][1036,813]" /></node><node index="5" text="" resource-id="" class="android.view.ViewGroup" package="de.hafas.android.cfl" content-desc="Station Bertrix (Belgium)  Arrival 3:05pm  at Platform 3  Departure at 3:06pm  from Platform 3 &#10;&#10;" checkable="false" checked="false" clickable="true" enabled="true" focusable="true" focused="false" scrollable="false" long-clickable="false" password="false" selected="false" bounds="[0,853][1080,983]"><node index="0" text="3:05pm" resource-id="de.hafas.android.cfl:id/stoptime_arrival" class="android.widget.TextView" package="de.hafas.android.cfl" content-desc="3:05pm" checkable="false" checked="false" clickable="false" enabled="true" focusable="false" focused="false" scrollable="false" long-clickable="false" password="false" selected="false" bounds="[83,872][276,916]" /><node index="1" text="3:06pm" resource-id="de.hafas.android.cfl:id/stoptime_departure" class="android.widget.TextView" package="de.hafas.android.cfl" content-desc="3:06pm" checkable="false" checked="false" clickable="false" enabled="true" focusable="false" focused="false" scrollable="false" long-clickable="false" password="false" selected="false" bounds="[83,916][276,960]" /><node index="2" text="Bertrix (Belgium)" resource-id="de.hafas.android.cfl:id/text_message" class="android.widget.TextView" package="de.hafas.android.cfl" content-desc="" checkable="false" checked="false" clickable="false" enabled="true" focusable="false" focused="false" scrollable="false" long-clickable="false" password="false" selected="false" bounds="[287,892][557,941]" /><node index="3" text="Pl. 3" resource-id="de.hafas.android.cfl:id/text_platform_departure" class="android.widget.TextView" package="de.hafas.android.cfl" content-desc="" checkable="false" checked="false" clickable="false" enabled="true" focusable="false" focused="false" scrollable="false" long-clickable="false" password="false" selected="false" bounds="[932,892][1036,941]" /></node><node index="6" text="" resource-id="" class="android.view.ViewGroup" package="de.hafas.android.cfl" content-desc="Station Florenville (Belgium)  Arrival 3:19pm  at Platform 2  Departure at 3:20pm  from Platform 2 &#10;&#10;" checkable="false" checked="false" clickable="true" enabled="true" focusable="true" focused="false" scrollable="false" long-clickable="false" password="false" selected="false" bounds="[0,983][1080,1113]"><node index="0" text="3:19pm" resource-id="de.hafas.android.cfl:id/stoptime_arrival" class="android.widget.TextView" package="de.hafas.android.cfl" content-desc="3:19pm" checkable="false" checked="false" clickable="false" enabled="true" focusable="false" focused="false" scrollable="false" long-clickable="false" password="false" selected="false" bounds="[83,1002][276,1046]" /><node index="1" text="3:20pm" resource-id="de.hafas.android.cfl:id/stoptime_departure" class="android.widget.TextView" package="de.hafas.android.cfl" content-desc="3:20pm" checkable="false" checked="false" clickable="false" enabled="true" focusable="false" focused="false" scrollable="false" long-clickable="false" password="false" selected="false" bounds="[83,1046][276,1090]" /><node index="2" text="Florenville (Belgium)" resource-id="de.hafas.android.cfl:id/text_message" class="android.widget.TextView" package="de.hafas.android.cfl" content-desc="" checkable="false" checked="false" clickable="false" enabled="true" focusable="false" focused="false" scrollable="false" long-clickable="false" password="false" selected="false" bounds="[287,1022][616,1071]" /><node index="3" text="Pl. 2" resource-id="de.hafas.android.cfl:id/text_platform_departure" class="android.widget.TextView" package="de.hafas.android.cfl" content-desc="" checkable="false" checked="false" clickable="false" enabled="true" focusable="false" focused="false" scrollable="false" long-clickable="false" password="false" selected="false" bounds="[932,1022][1036,1071]" /></node><node index="7" text="" resource-id="" class="android.view.ViewGroup" package="de.hafas.android.cfl" content-desc="Station Virton (Belgium)  Arrival 3:38pm  at Platform 1  Departure at 3:39pm  from Platform 1 &#10;&#10;" checkable="false" checked="false" clickable="true" enabled="true" focusable="true" focused="false" scrollable="false" long-clickable="false" password="false" selected="false" bounds="[0,1113][1080,1243]"><node index="0" text="3:38pm" resource-id="de.hafas.android.cfl:id/stoptime_arrival" class="android.widget.TextView" package="de.hafas.android.cfl" content-desc="3:38pm" checkable="false" checked="false" clickable="false" enabled="true" focusable="false" focused="false" scrollable="false" long-clickable="false" password="false" selected="false" bounds="[83,1132][276,1176]" /><node index="1" text="3:39pm" resource-id="de.hafas.android.cfl:id/stoptime_departure" class="android.widget.TextView" package="de.hafas.android.cfl" content-desc="3:39pm" checkable="false" checked="false" clickable="false" enabled="true" focusable="false" focused="false" scrollable="false" long-clickable="false" password="false" selected="false" bounds="[83,1176][276,1220]" /><node index="2" text="Virton (Belgium)" resource-id="de.hafas.android.cfl:id/text_message" class="android.widget.TextView" package="de.hafas.android.cfl" content-desc="" checkable="false" checked="false" clickable="false" enabled="true" focusable="false" focused="false" scrollable="false" long-clickable="false" password="false" selected="false" bounds="[287,1152][550,1201]" /><node index="3" text="Pl. 1" resource-id="de.hafas.android.cfl:id/text_platform_departure" class="android.widget.TextView" package="de.hafas.android.cfl" content-desc="" checkable="false" checked="false" clickable="false" enabled="true" focusable="false" focused="false" scrollable="false" long-clickable="false" password="false" selected="false" bounds="[932,1152][1036,1201]" /></node><node index="8" text="" resource-id="" class="android.view.ViewGroup" package="de.hafas.android.cfl" content-desc="Station Halanzy (Belgium)  Arrival 3:50pm  at Platform 1  Departure at 3:50pm  from Platform 1 &#10;&#10;" checkable="false" checked="false" clickable="true" enabled="true" focusable="true" focused="false" scrollable="false" long-clickable="false" password="false" selected="false" bounds="[0,1243][1080,1373]"><node index="0" text="3:50pm" resource-id="de.hafas.android.cfl:id/stoptime_arrival" class="android.widget.TextView" package="de.hafas.android.cfl" content-desc="3:50pm" checkable="false" checked="false" clickable="false" enabled="true" focusable="false" focused="false" scrollable="false" long-clickable="false" password="false" selected="false" bounds="[83,1262][276,1306]" /><node index="1" text="3:50pm" resource-id="de.hafas.android.cfl:id/stoptime_departure" class="android.widget.TextView" package="de.hafas.android.cfl" content-desc="3:50pm" checkable="false" checked="false" clickable="false" enabled="true" focusable="false" focused="false" scrollable="false" long-clickable="false" password="false" selected="false" bounds="[83,1306][276,1350]" /><node index="2" text="Halanzy (Belgium)" resource-id="de.hafas.android.cfl:id/text_message" class="android.widget.TextView" package="de.hafas.android.cfl" content-desc="" checkable="false" checked="false" clickable="false" enabled="true" focusable="false" focused="false" scrollable="false" long-clickable="false" password="false" selected="false" bounds="[287,1282][582,1331]" /><node index="3" text="Pl. 1" resource-id="de.hafas.android.cfl:id/text_platform_departure" class="android.widget.TextView" package="de.hafas.android.cfl" content-desc="" checkable="false" checked="false" clickable="false" enabled="true" focusable="false" focused="false" scrollable="false" long-clickable="false" password="false" selected="false" bounds="[932,1282][1036,1331]" /></node><node index="9" text="" resource-id="" class="android.view.ViewGroup" package="de.hafas.android.cfl" content-desc="Station Aubange (Belgium)  Arrival 3:54pm  at Platform 1  Departure at 3:55pm  from Platform 1 &#10;&#10;" checkable="false" checked="false" clickable="true" enabled="true" focusable="true" focused="false" scrollable="false" long-clickable="false" password="false" selected="false" bounds="[0,1373][1080,1503]"><node index="0" text="3:54pm" resource-id="de.hafas.android.cfl:id/stoptime_arrival" class="android.widget.TextView" package="de.hafas.android.cfl" content-desc="3:54pm" checkable="false" checked="false" clickable="false" enabled="true" focusable="false" focused="false" scrollable="false" long-clickable="false" password="false" selected="false" bounds="[83,1392][276,1436]" /><node index="1" text="3:55pm" resource-id="de.hafas.android.cfl:id/stoptime_departure" class="android.widget.TextView" package="de.hafas.android.cfl" content-desc="3:55pm" checkable="false" checked="false" clickable="false" enabled="true" focusable="false" focused="false" scrollable="false" long-clickable="false" password="false" selected="false" bounds="[83,1436][276,1480]" /><node index="2" text="Aubange (Belgium)" resource-id="de.hafas.android.cfl:id/text_message" class="android.widget.TextView" package="de.hafas.android.cfl" content-desc="" checkable="false" checked="false" clickable="false" enabled="true" focusable="false" focused="false" scrollable="false" long-clickable="false" password="false" selected="false" bounds="[287,1412][594,1461]" /><node index="3" text="Pl. 1" resource-id="de.hafas.android.cfl:id/text_platform_departure" class="android.widget.TextView" package="de.hafas.android.cfl" content-desc="" checkable="false" checked="false" clickable="false" enabled="true" focusable="false" focused="false" scrollable="false" long-clickable="false" password="false" selected="false" bounds="[932,1412][1036,1461]" /></node><node index="10" text="" resource-id="" class="android.view.ViewGroup" package="de.hafas.android.cfl" content-desc="Station Athus (Belgium)  Arrival 3:59pm  at Platform 3  Departure at 4:02pm  from Platform 3 &#10;&#10;" checkable="false" checked="false" clickable="true" enabled="true" focusable="true" focused="false" scrollable="false" long-clickable="false" password="false" selected="false" bounds="[0,1503][1080,1633]"><node index="0" text="3:59pm" resource-id="de.hafas.android.cfl:id/stoptime_arrival" class="android.widget.TextView" package="de.hafas.android.cfl" content-desc="3:59pm" checkable="false" checked="false" clickable="false" enabled="true" focusable="false" focused="false" scrollable="false" long-clickable="false" password="false" selected="false" bounds="[83,1522][276,1566]" /><node index="1" text="4:02pm" resource-id="de.hafas.android.cfl:id/stoptime_departure" class="android.widget.TextView" package="de.hafas.android.cfl" content-desc="4:02pm" checkable="false" checked="false" clickable="false" enabled="true" focusable="false" focused="false" scrollable="false" long-clickable="false" password="false" selected="false" bounds="[83,1566][276,1610]" /><node index="2" text="Athus (Belgium)" resource-id="de.hafas.android.cfl:id/text_message" class="android.widget.TextView" package="de.hafas.android.cfl" content-desc="" checkable="false" checked="false" clickable="false" enabled="true" focusable="false" focused="false" scrollable="false" long-clickable="false" password="false" selected="false" bounds="[287,1542][546,1591]" /><node index="3" text="Pl. 3" resource-id="de.hafas.android.cfl:id/text_platform_departure" class="android.widget.TextView" package="de.hafas.android.cfl" content-desc="" checkable="false" checked="false" clickable="false" enabled="true" focusable="false" focused="false" scrollable="false" long-clickable="false" password="false" selected="false" bounds="[932,1542][1036,1591]" /></node><node index="11" text="" resource-id="" class="android.view.ViewGroup" package="de.hafas.android.cfl" content-desc="Station Messancy (Belgium)  Arrival 4:06pm  at Platform 1  Departure at 4:07pm  from Platform 1 &#10;&#10;" checkable="false" checked="false" clickable="true" enabled="true" focusable="true" focused="false" scrollable="false" long-clickable="false" password="false" selected="false" bounds="[0,1633][1080,1763]"><node index="0" text="4:06pm" resource-id="de.hafas.android.cfl:id/stoptime_arrival" class="android.widget.TextView" package="de.hafas.android.cfl" content-desc="4:06pm" checkable="false" checked="false" clickable="false" enabled="true" focusable="false" focused="false" scrollable="false" long-clickable="false" password="false" selected="false" bounds="[83,1652][276,1696]" /><node index="1" text="4:07pm" resource-id="de.hafas.android.cfl:id/stoptime_departure" class="android.widget.TextView" package="de.hafas.android.cfl" content-desc="4:07pm" checkable="false" checked="false" clickable="false" enabled="true" focusable="false" focused="false" scrollable="false" long-clickable="false" password="false" selected="false" bounds="[83,1696][276,1740]" /><node index="2" text="Messancy (Belgium)" resource-id="de.hafas.android.cfl:id/text_message" class="android.widget.TextView" package="de.hafas.android.cfl" content-desc="" checkable="false" checked="false" clickable="false" enabled="true" focusable="false" focused="false" scrollable="false" long-clickable="false" password="false" selected="false" bounds="[287,1672][616,1721]" /><node index="3" text="Pl. 1" resource-id="de.hafas.android.cfl:id/text_platform_departure" class="android.widget.TextView" package="de.hafas.android.cfl" content-desc="" checkable="false" checked="false" clickable="false" enabled="true" focusable="false" focused="false" scrollable="false" long-clickable="false" password="false" selected="false" bounds="[932,1672][1036,1721]" /></node><node index="12" text="" resource-id="" class="android.view.ViewGroup" package="de.hafas.android.cfl" content-desc="Station Arlon (Belgium)  Arrival 4:18pm  at Platform 5 &#10;&#10;" checkable="false" checked="false" clickable="true" enabled="true" focusable="true" focused="false" scrollable="false" long-clickable="false" password="false" selected="false" bounds="[0,1763][1080,1890]"><node index="0" text="4:18pm" resource-id="de.hafas.android.cfl:id/stoptime_arrival" class="android.widget.TextView" package="de.hafas.android.cfl" content-desc="4:18pm" checkable="false" checked="false" clickable="false" enabled="true" focusable="false" focused="false" scrollable="false" long-clickable="false" password="false" selected="false" bounds="[83,1800][276,1853]" /><node index="1" text="Arlon (Belgium)" resource-id="de.hafas.android.cfl:id/text_message" class="android.widget.TextView" package="de.hafas.android.cfl" content-desc="" checkable="false" checked="false" clickable="false" enabled="true" focusable="false" focused="false" scrollable="false" long-clickable="false" password="false" selected="false" bounds="[287,1800][563,1853]" /><node index="2" text="Pl. 5" resource-id="de.hafas.android.cfl:id/text_platform_arrival" class="android.widget.TextView" package="de.hafas.android.cfl" content-desc="" checkable="false" checked="false" clickable="false" enabled="true" focusable="false" focused="false" scrollable="false" long-clickable="false" password="false" selected="false" bounds="[927,1800][1036,1853]" /></node><node index="13" text="&#10;All information without warranty." resource-id="de.hafas.android.cfl:id/text_note" class="android.widget.TextView" package="de.hafas.android.cfl" content-desc="" checkable="false" checked="false" clickable="false" enabled="true" focusable="false" focused="false" scrollable="false" long-clickable="false" password="false" selected="false" bounds="[0,1923][1080,2028]" /></node></node></node></node></hierarchy>