<?xml version='1.0' encoding='UTF-8' standalone='yes' ?><hierarchy rotation="0"><node index="0" text="" resource-id="" class="android.widget.FrameLayout" package="de.hafas.android.cfl" content-desc="" checkable="false" checked="false" clickable="false" enabled="true" focusable="false" focused="false" scrollable="false" long-clickable="false" password="false" selected="false" bounds="[0,0][1080,2028]"><node index="0" text="" resource-id="de.hafas.android.cfl:id/drawer_layout" class="androidx.drawerlayout.widget.DrawerLayout" package="de.hafas.android.cfl" content-desc="" checkable="false" checked="false" clickable="false" enabled="true" focusable="false" focused="false" scrollable="false" long-clickable="false" password="false" selected="false" bounds="[0,0][1080,2028]"><node index="0" text="" resource-id="de.hafas.android.cfl:id/main_container" class="android.widget.LinearLayout" package="de.hafas.android.cfl" content-desc="" checkable="false" checked="false" clickable="false" enabled="true" focusable="false" focused="false" scrollable="false" long-clickable="false" password="false" selected="false" bounds="[0,0][1080,2028]"><node index="0" text="" resource-id="de.hafas.android.cfl:id/toolbar" class="android.view.ViewGroup" package="de.hafas.android.cfl" content-desc="" checkable="false" checked="false" clickable="false" enabled="true" focusable="false" focused="false" scrollable="false" long-clickable="false" password="false" selected="false" bounds="[0,0][1080,231]"><node index="0" text="" resource-id="" class="android.widget.ImageButton" package="de.hafas.android.cfl" content-desc="Navigate up" checkable="false" checked="false" clickable="true" enabled="true" focusable="true" focused="false" scrollable="false" long-clickable="false" password="false" selected="false" bounds="[0,77][154,231]" /><node index="1" text="Results" resource-id="" class="android.widget.TextView" package="de.hafas.android.cfl" content-desc="" checkable="false" checked="false" clickable="false" enabled="true" focusable="false" focused="false" scrollable="false" long-clickable="false" password="false" selected="false" bounds="[198,117][381,191]" /><node index="2" text="" resource-id="" class="android.widget.ImageView" package="de.hafas.android.cfl" content-desc="More options" checkable="false" checked="false" clickable="true" enabled="true" focusable="true" focused="false" scrollable="false" long-clickable="true" password="false" selected="false" bounds="[969,88][1080,220]" /></node><node index="1" text="" resource-id="de.hafas.android.cfl:id/connection_overview_summary_header" class="android.widget.RelativeLayout" package="de.hafas.android.cfl" content-desc="Connection from Luxembourg to Arlon (Belgium)" checkable="false" checked="false" clickable="false" enabled="true" focusable="true" focused="false" scrollable="false" long-clickable="false" password="false" selected="false" bounds="[0,231][1080,426]"><node index="0" text="Luxembourg" resource-id="de.hafas.android.cfl:id/text_start" class="android.widget.TextView" package="de.hafas.android.cfl" content-desc="From: Luxembourg" checkable="false" checked="false" clickable="false" enabled="true" focusable="false" focused="false" scrollable="false" long-clickable="false" password="false" selected="false" bounds="[116,264][948,323]" /><node index="1" text="Arlon (Belgium)" resource-id="de.hafas.android.cfl:id/text_target" class="android.widget.TextView" package="de.hafas.android.cfl" content-desc="To: Arlon (Belgium)" checkable="false" checked="false" clickable="false" enabled="true" focusable="false" focused="false" scrollable="false" long-clickable="false" password="false" selected="false" bounds="[116,334][948,393]" /><node index="2" text="" resource-id="de.hafas.android.cfl:id/button_favorite" class="android.widget.ImageButton" package="de.hafas.android.cfl" content-desc="Add as favorite" checkable="false" checked="false" clickable="true" enabled="true" focusable="true" focused="false" scrollable="false" long-clickable="false" password="false" selected="false" bounds="[948,301][1080,356]" /></node><node index="2" text="" resource-id="de.hafas.android.cfl:id/options_description" class="android.view.ViewGroup" package="de.hafas.android.cfl" content-desc="Selected options: Stop: Bettembourg" checkable="false" checked="false" clickable="false" enabled="true" focusable="true" focused="false" scrollable="false" long-clickable="false" password="false" selected="false" bounds="[0,426][1080,526]"><node index="0" text="OPTIONS: Stop: Bettembourg" resource-id="de.hafas.android.cfl:id/text_option_description" class="android.widget.TextView" package="de.hafas.android.cfl" content-desc="" checkable="false" checked="false" clickable="false" enabled="true" focusable="false" focused="false" scrollable="false" long-clickable="false" password="false" selected="false" bounds="[55,445][937,489]" /></node><node index="3" text="" resource-id="de.hafas.android.cfl:id/list_connection" class="androidx.recyclerview.widget.RecyclerView" package="de.hafas.android.cfl" content-desc="" checkable="false" checked="false" clickable="false" enabled="true" focusable="true" focused="false" scrollable="false" long-clickable="false" password="false" selected="false" bounds="[0,526][1080,2028]"><node index="0" text="" resource-id="" class="android.widget.LinearLayout" package="de.hafas.android.cfl" content-desc="" checkable="false" checked="false" clickable="false" enabled="true" focusable="false" focused="false" scrollable="false" long-clickable="false" password="false" selected="false" bounds="[0,526][1080,548]" /><node index="1" text="Departure: Friday, 09.01.2026" resource-id="de.hafas.android.cfl:id/text_header_date" class="android.widget.TextView" package="de.hafas.android.cfl" content-desc="Departure: Friday, 01.09.2026" checkable="false" checked="false" clickable="false" enabled="true" focusable="true" focused="false" scrollable="false" long-clickable="false" password="false" selected="false" bounds="[0,548][1080,625]" /><node index="2" text="" resource-id="" class="android.widget.FrameLayout" package="de.hafas.android.cfl" content-desc="" checkable="false" checked="false" clickable="false" enabled="true" focusable="false" focused="false" scrollable="false" long-clickable="false" password="false" selected="false" bounds="[0,625][1080,871]"><node index="0" text="" resource-id="de.hafas.android.cfl:id/haf_connection_view" class="android.widget.RelativeLayout" package="de.hafas.android.cfl" content-desc="Trip at 2:50pm; . with arrival at 4:18pm; . Duration: 1 hour 28 minutes.  with R E 6964, Transfer, R B 4715, Transfer, 5964;2 changes. &#10;&#10;&#10;" checkable="false" checked="false" clickable="true" enabled="true" focusable="true" focused="false" scrollable="false" long-clickable="false" password="false" selected="false" bounds="[0,625][1080,871]" /></node><node index="3" text="" resource-id="" class="android.view.View" package="de.hafas.android.cfl" content-desc="" checkable="false" checked="false" clickable="false" enabled="true" focusable="false" focused="false" scrollable="false" long-clickable="false" password="false" selected="false" bounds="[0,871][1080,874]" /><node index="4" text="" resource-id="" class="android.widget.FrameLayout" package="de.hafas.android.cfl" content-desc="" checkable="false" checked="false" clickable="false" enabled="true" focusable="false" focused="false" scrollable="false" long-clickable="false" password="false" selected="false" bounds="[0,874][1080,1203]"><node index="0" text="" resource-id="de.hafas.android.cfl:id/haf_connection_view" class="android.widget.RelativeLayout" package="de.hafas.android.cfl" content-desc="Trip at 3:20pm; . with arrival at 4:23pm; . Duration: 1 hour 3 minutes.  with R E 464, Transfer, T E R88740, Transfer, R B 5935;2 changes. &#10;&#10;Info: One stop is passed several times&#10;&#10;" checkable="false" checked="false" clickable="true" enabled="true" focusable="true" focused="false" scrollable="false" long-clickable="false" password="false" selected="false" bounds="[0,874][1080,1203]"><node index="0" text="" resource-id="" class="android.view.ViewGroup" package="de.hafas.android.cfl" content-desc="Info: One stop is passed several times" checkable="false" checked="false" clickable="false" enabled="true" focusable="false" focused="false" scrollable="false" long-clickable="false" password="false" selected="false" bounds="[264,1120][1036,1203]"><node index="0" text="" resource-id="de.hafas.android.cfl:id/text_alignment" class="android.widget.TextView" package="de.hafas.android.cfl" content-desc="" checkable="false" checked="false" clickable="false" enabled="true" focusable="false" focused="false" scrollable="false" long-clickable="false" password="false" selected="false" bounds="[330,1137][1036,1186]" /></node></node></node><node index="5" text="" resource-id="" class="android.view.View" package="de.hafas.android.cfl" content-desc="" checkable="false" checked="false" clickable="false" enabled="true" focusable="false" focused="false" scrollable="false" long-clickable="false" password="false" selected="false" bounds="[0,1203][1080,1206]" /><node index="6" text="" resource-id="" class="android.widget.FrameLayout" package="de.hafas.android.cfl" content-desc="" checkable="false" checked="false" clickable="false" enabled="true" focusable="false" focused="false" scrollable="false" long-clickable="false" password="false" selected="false" bounds="[0,1206][1080,1535]"><node index="0" text="" resource-id="de.hafas.android.cfl:id/haf_connection_view" class="android.widget.RelativeLayout" package="de.hafas.android.cfl" content-desc="Trip at 3:39pm; . with arrival at 4:31pm; . Duration: 52 minutes.  with T E R88743, Transfer, T E R88808, Transfer, I C 2139;2 changes. &#10;&#10;Info: One stop is passed several times&#10;&#10;" checkable="false" checked="false" clickable="true" enabled="true" focusable="true" focused="false" scrollable="false" long-clickable="false" password="false" selected="false" bounds="[0,1206][1080,1535]"><node index="0" text="" resource-id="" class="android.view.ViewGroup" package="de.hafas.android.cfl" content-desc="Info: One stop is passed several times" checkable="false" checked="false" clickable="false" enabled="true" focusable="false" focused="false" scrollable="false" long-clickable="false" password="false" selected="false" bounds="[264,1452][1036,1535]"><node index="0" text="" resource-id="de.hafas.android.cfl:id/text_alignment" class="android.widget.TextView" package="de.hafas.android.cfl" content-desc="" checkable="false" checked="false" clickable="false" enabled="true" focusable="false" focused="false" scrollable="false" long-clickable="false" password="false" selected="false" bounds="[330,1469][1036,1518]" /></node></node></node><node index="7" text="" resource-id="" class="android.widget.LinearLayout" package="de.hafas.android.cfl" content-desc="" checkable="false" checked="false" clickable="false" enabled="true" focusable="false" focused="false" scrollable="false" long-clickable="false" password="false" selected="false" bounds="[0,1535][1080,1667]"><node index="0" text="EARLIER" resource-id="de.hafas.android.cfl:id/button_earlier" class="android.widget.Button" package="de.hafas.android.cfl" content-desc="Earlier departures" checkable="false" checked="false" clickable="true" enabled="true" focusable="true" focused="false" scrollable="false" long-clickable="false" password="false" selected="false" bounds="[0,1535][262,1667]" /><node index="1" text="LATER" resource-id="de.hafas.android.cfl:id/button_later" class="android.widget.Button" package="de.hafas.android.cfl" content-desc="Later departures" checkable="false" checked="false" clickable="true" enabled="true" focusable="true" focused="false" scrollable="false" long-clickable="false" password="false" selected="false" bounds="[849,1535][1080,1667]" /></node><node index="8" text="" resource-id="" class="android.widget.LinearLayout" package="de.hafas.android.cfl" content-desc="" checkable="false" checked="false" clickable="false" enabled="true" focusable="false" focused="false" scrollable="false" long-clickable="false" password="false" selected="false" bounds="[0,1667][1080,1838]"><node index="0" text="&#10;All information without warranty." resource-id="de.hafas.android.cfl:id/text_note" class="android.widget.TextView" package="de.hafas.android.cfl" content-desc="" checkable="false" checked="false" clickable="false" enabled="true" focusable="false" focused="false" scrollable="false" long-clickable="false" password="false" selected="false" bounds="[0,1667][1080,1838]" /></node></node></node></node></node></hierarchy>