<?xml version='1.0' encoding='UTF-8' standalone='yes' ?><hierarchy rotation="0"><node index="0" text="" resource-id="" class="android.widget.FrameLayout" package="de.hafas.android.cfl" content-desc="" checkable="false" checked="false" clickable="false" enabled="true" focusable="false" focused="false" scrollable="false" long-clickable="false" password="false" selected="false" bounds="[0,0][1080,2028]"><node index="0" text="" resource-id="de.hafas.android.cfl:id/drawer_layout" class="androidx.drawerlayout.widget.DrawerLayout" package="de.hafas.android.cfl" content-desc="" checkable="false" checked="false" clickable="false" enabled="true" focusable="false" focused="false" scrollable="false" long-clickable="false" password="false" selected="false" bounds="[0,0][1080,2028]"><node index="0" text="" resource-id="de.hafas.android.cfl:id/main_container" class="android.widget.LinearLayout" package="de.hafas.android.cfl" content-desc="" checkable="false" checked="false" clickable="false" enabled="true" focusable="false" focused="false" scrollable="false" long-clickable="false" password="false" selected="false" bounds="[0,0][1080,2028]"><node index="0" text="" resource-id="de.hafas.android.cfl:id/toolbar" class="android.view.ViewGroup" package="de.hafas.android.cfl" content-desc="" checkable="false" checked="false" clickable="false" enabled="true" focusable="false" focused="false" scrollable="false" long-clickable="false" password="false" selected="false" bounds="[0,0][1080,231]"><node index="0" text="" resource-id="" class="android.widget.ImageButton" package="de.hafas.android.cfl" content-desc="Navigate up" checkable="false" checked="false" clickable="true" enabled="true" focusable="true" focused="false" scrollable="false" long-clickable="false" password="false" selected="false" bounds="[0,77][154,231]" /><node index="1" text="Route details" resource-id="" class="android.widget.TextView" package="de.hafas.android.cfl" content-desc="" checkable="false" checked="false" clickable="false" enabled="true" focusable="false" focused="false" scrollable="false" long-clickable="false" password="false" selected="false" bounds="[198,117][520,191]" /><node index="2" text="" resource-id="de.hafas.android.cfl:string/haf_show_map" class="android.widget.Button" package="de.hafas.android.cfl" content-desc="Map view" checkable="false" checked="false" clickable="true" enabled="true" focusable="true" focused="false" scrollable="false" long-clickable="false" password="false" selected="false" bounds="[948,88][1080,220]" /></node><node index="1" text="" resource-id="de.hafas.android.cfl:id/journey_details_head" class="android.widget.LinearLayout" package="de.hafas.android.cfl" content-desc="Travel with R B 5935 To Arlon (Belgium)" checkable="false" checked="false" clickable="false" enabled="true" focusable="false" focused="false" scrollable="false" long-clickable="false" password="false" selected="false" bounds="[44,231][1036,341]" /><node index="3" text="" resource-id="de.hafas.android.cfl:id/rv_journey_details" class="androidx.recyclerview.widget.RecyclerView" package="de.hafas.android.cfl" content-desc="" checkable="false" checked="false" clickable="false" enabled="true" focusable="true" focused="false" scrollable="false" long-clickable="false" password="false" selected="false" bounds="[0,341][1080,2028]"><node index="0" text="" resource-id="" class="android.view.ViewGroup" package="de.hafas.android.cfl" content-desc="Info: Bicycle zone" checkable="false" checked="false" clickable="false" enabled="true" focusable="false" focused="false" scrollable="false" long-clickable="false" password="false" selected="false" bounds="[44,358][1036,418]"><node index="0" text="" resource-id="de.hafas.android.cfl:id/text_alignment" class="android.widget.TextView" package="de.hafas.android.cfl" content-desc="" checkable="false" checked="false" clickable="false" enabled="true" focusable="false" focused="false" scrollable="false" long-clickable="false" password="false" selected="false" bounds="[110,358][1036,407]" /></node><node index="1" text="" resource-id="" class="android.view.ViewGroup" package="de.hafas.android.cfl" content-desc="Info: Power socket available (Luxembourg - Kleinbettingen)" checkable="false" checked="false" clickable="false" enabled="true" focusable="false" focused="false" scrollable="false" long-clickable="false" password="false" selected="false" bounds="[44,418][1036,478]"><node index="0" text="" resource-id="de.hafas.android.cfl:id/text_alignment" class="android.widget.TextView" package="de.hafas.android.cfl" content-desc="" checkable="false" checked="false" clickable="false" enabled="true" focusable="false" focused="false" scrollable="false" long-clickable="false" password="false" selected="false" bounds="[110,418][1036,467]" /></node><node index="2" text="" resource-id="" class="android.view.ViewGroup" package="de.hafas.android.cfl" content-desc="Info: First-class seats" checkable="false" checked="false" clickable="false" enabled="true" focusable="false" focused="false" scrollable="false" long-clickable="false" password="false" selected="false" bounds="[44,478][1036,538]"><node index="0" text="" resource-id="de.hafas.android.cfl:id/text_alignment" class="android.widget.TextView" package="de.hafas.android.cfl" content-desc="" checkable="false" checked="false" clickable="false" enabled="true" focusable="false" focused="false" scrollable="false" long-clickable="false" password="false" selected="false" bounds="[110,478][1036,527]" /></node><node index="3" text="" resource-id="" class="android.view.ViewGroup" package="de.hafas.android.cfl" content-desc="Info: Second-class seats" checkable="false" checked="false" clickable="false" enabled="true" focusable="false" focused="false" scrollable="false" long-clickable="false" password="false" selected="false" bounds="[44,538][1036,598]"><node index="0" text="" resource-id="de.hafas.android.cfl:id/text_alignment" class="android.widget.TextView" package="de.hafas.android.cfl" content-desc="" checkable="false" checked="false" clickable="false" enabled="true" focusable="false" focused="false" scrollable="false" long-clickable="false" password="false" selected="false" bounds="[110,538][1036,587]" /></node><node index="4" text="" resource-id="" class="android.view.ViewGroup" package="de.hafas.android.cfl" content-desc="Info: Non smoker service (Luxembourg - Kleinbettingen)" checkable="false" checked="false" clickable="false" enabled="true" focusable="false" focused="false" scrollable="false" long-clickable="false" password="false" selected="false" bounds="[44,598][1036,658]"><node index="0" text="" resource-id="de.hafas.android.cfl:id/text_alignment" class="android.widget.TextView" package="de.hafas.android.cfl" content-desc="" checkable="false" checked="false" clickable="false" enabled="true" focusable="false" focused="false" scrollable="false" long-clickable="false" password="false" selected="false" bounds="[110,598][1036,647]" /></node><node index="5" text="" resource-id="" class="android.view.ViewGroup" package="de.hafas.android.cfl" content-desc="Info: Wheelchair access (Luxembourg - Kleinbettingen)" checkable="false" checked="false" clickable="false" enabled="true" focusable="false" focused="false" scrollable="false" long-clickable="false" password="false" selected="false" bounds="[44,658][1036,718]"><node index="0" text="" resource-id="de.hafas.android.cfl:id/text_alignment" class="android.widget.TextView" package="de.hafas.android.cfl" content-desc="" checkable="false" checked="false" clickable="false" enabled="true" focusable="false" focused="false" scrollable="false" long-clickable="false" password="false" selected="false" bounds="[110,658][1036,707]" /></node><node index="6" text="" resource-id="" class="android.view.ViewGroup" package="de.hafas.android.cfl" content-desc="Info: NRT tariff is applicable for the given travel service (NRT = Non Reservation Ticket) (Arlon (Belgium))" checkable="false" checked="false" clickable="false" enabled="true" focusable="false" focused="false" scrollable="false" long-clickable="false" password="false" selected="false" bounds="[44,718][1036,820]"><node index="0" text="" resource-id="de.hafas.android.cfl:id/text_alignment" class="android.widget.TextView" package="de.hafas.android.cfl" content-desc="" checkable="false" checked="false" clickable="false" enabled="true" focusable="false" focused="false" scrollable="false" long-clickable="false" password="false" selected="false" bounds="[110,718][1036,767]" /></node><node index="7" text="" resource-id="" class="android.view.ViewGroup" package="de.hafas.android.cfl" content-desc="Station Luxembourg  Departure at 3:53pm  from Platform 2 &#10;&#10;" checkable="false" checked="false" clickable="true" enabled="true" focusable="true" focused="false" scrollable="false" long-clickable="false" password="false" selected="false" bounds="[0,903][1080,1033]"><node index="0" text="3:53pm" resource-id="de.hafas.android.cfl:id/stoptime_departure" class="android.widget.TextView" package="de.hafas.android.cfl" content-desc="3:53pm" checkable="false" checked="false" clickable="false" enabled="true" focusable="false" focused="false" scrollable="false" long-clickable="false" password="false" selected="false" bounds="[83,940][276,993]" /><node index="1" text="Luxembourg" resource-id="de.hafas.android.cfl:id/text_message" class="android.widget.TextView" package="de.hafas.android.cfl" content-desc="" checkable="false" checked="false" clickable="false" enabled="true" focusable="false" focused="false" scrollable="false" long-clickable="false" password="false" selected="false" bounds="[287,940][506,993]" /><node index="2" text="Pl. 2" resource-id="de.hafas.android.cfl:id/text_platform_departure" class="android.widget.TextView" package="de.hafas.android.cfl" content-desc="" checkable="false" checked="false" clickable="false" enabled="true" focusable="false" focused="false" scrollable="false" long-clickable="false" password="false" selected="false" bounds="[927,940][1036,993]" /></node><node index="8" text="" resource-id="" class="android.view.ViewGroup" package="de.hafas.android.cfl" content-desc="Station Bertrange-Strassen  Arrival 3:58pm  at Platform 1  Departure at 3:59pm  from Platform 1 &#10;&#10;" checkable="false" checked="false" clickable="true" enabled="true" focusable="true" focused="false" scrollable="false" long-clickable="false" password="false" selected="false" bounds="[0,1033][1080,1163]"><node index="0" text="3:58pm" resource-id="de.hafas.android.cfl:id/stoptime_arrival" class="android.widget.TextView" package="de.hafas.android.cfl" content-desc="3:58pm" checkable="false" checked="false" clickable="false" enabled="true" focusable="false" focused="false" scrollable="false" long-clickable="false" password="false" selected="false" bounds="[83,1052][276,1096]" /><node index="1" text="3:59pm" resource-id="de.hafas.android.cfl:id/stoptime_departure" class="android.widget.TextView" package="de.hafas.android.cfl" content-desc="3:59pm" checkable="false" checked="false" clickable="false" enabled="true" focusable="false" focused="false" scrollable="false" long-clickable="false" password="false" selected="false" bounds="[83,1096][276,1140]" /><node index="2" text="Bertrange-Strassen" resource-id="de.hafas.android.cfl:id/text_message" class="android.widget.TextView" package="de.hafas.android.cfl" content-desc="" checkable="false" checked="false" clickable="false" enabled="true" focusable="false" focused="false" scrollable="false" long-clickable="false" password="false" selected="false" bounds="[287,1072][595,1121]" /><node index="3" text="Pl. 1" resource-id="de.hafas.android.cfl:id/text_platform_departure" class="android.widget.TextView" package="de.hafas.android.cfl" content-desc="" checkable="false" checked="false" clickable="false" enabled="true" focusable="false" focused="false" scrollable="false" long-clickable="false" password="false" selected="false" bounds="[932,1072][1036,1121]" /></node><node index="9" text="" resource-id="" class="android.view.ViewGroup" package="de.hafas.android.cfl" content-desc="Station Mamer-Lycée  Arrival 4:01pm  at Platform 1  Departure at 4:02pm  from Platform 1 &#10;&#10;" checkable="false" checked="false" clickable="true" enabled="true" focusable="true" focused="false" scrollable="false" long-clickable="false" password="false" selected="false" bounds="[0,1163][1080,1293]"><node index="0" text="4:01pm" resource-id="de.hafas.android.cfl:id/stoptime_arrival" class="android.widget.TextView" package="de.hafas.android.cfl" content-desc="4:01pm" checkable="false" checked="false" clickable="false" enabled="true" focusable="false" focused="false" scrollable="false" long-clickable="false" password="false" selected="false" bounds="[83,1182][276,1226]" /><node index="1" text="4:02pm" resource-id="de.hafas.android.cfl:id/stoptime_departure" class="android.widget.TextView" package="de.hafas.android.cfl" content-desc="4:02pm" checkable="false" checked="false" clickable="false" enabled="true" focusable="false" focused="false" scrollable="false" long-clickable="false" password="false" selected="false" bounds="[83,1226][276,1270]" /><node index="2" text="Mamer-Lycée" resource-id="de.hafas.android.cfl:id/text_message" class="android.widget.TextView" package="de.hafas.android.cfl" content-desc="" checkable="false" checked="false" clickable="false" enabled="true" focusable="false" focused="false" scrollable="false" long-clickable="false" password="false" selected="false" bounds="[287,1202][502,1251]" /><node index="3" text="Pl. 1" resource-id="de.hafas.android.cfl:id/text_platform_departure" class="android.widget.TextView" package="de.hafas.android.cfl" content-desc="" checkable="false" checked="false" clickable="false" enabled="true" focusable="false" focused="false" scrollable="false" long-clickable="false" password="false" selected="false" bounds="[932,1202][1036,1251]" /></node><node index="10" text="" resource-id="" class="android.view.ViewGroup" package="de.hafas.android.cfl" content-desc="Station Mamer  Arrival 4:04pm  at Platform 1  Departure at 4:05pm  from Platform 1 &#10;&#10;" checkable="false" checked="false" clickable="true" enabled="true" focusable="true" focused="false" scrollable="false" long-clickable="false" password="false" selected="false" bounds="[0,1293][1080,1423]"><node index="0" text="4:04pm" resource-id="de.hafas.android.cfl:id/stoptime_arrival" class="android.widget.TextView" package="de.hafas.android.cfl" content-desc="4:04pm" checkable="false" checked="false" clickable="false" enabled="true" focusable="false" focused="false" scrollable="false" long-clickable="false" password="false" selected="false" bounds="[83,1312][276,1356]" /><node index="1" text="4:05pm" resource-id="de.hafas.android.cfl:id/stoptime_departure" class="android.widget.TextView" package="de.hafas.android.cfl" content-desc="4:05pm" checkable="false" checked="false" clickable="false" enabled="true" focusable="false" focused="false" scrollable="false" long-clickable="false" password="false" selected="false" bounds="[83,1356][276,1400]" /><node index="2" text="Mamer" resource-id="de.hafas.android.cfl:id/text_message" class="android.widget.TextView" package="de.hafas.android.cfl" content-desc="" checkable="false" checked="false" clickable="false" enabled="true" focusable="false" focused="false" scrollable="false" long-clickable="false" password="false" selected="false" bounds="[287,1332][401,1381]" /><node index="3" text="Pl. 1" resource-id="de.hafas.android.cfl:id/text_platform_departure" class="android.widget.TextView" package="de.hafas.android.cfl" content-desc="" checkable="false" checked="false" clickable="false" enabled="true" focusable="false" focused="false" scrollable="false" long-clickable="false" password="false" selected="false" bounds="[932,1332][1036,1381]" /></node><node index="11" text="" resource-id="" class="android.view.ViewGroup" package="de.hafas.android.cfl" content-desc="Station Capellen  Arrival 4:08pm  at Platform 1  Departure at 4:09pm  from Platform 1 &#10;&#10;" checkable="false" checked="false" clickable="true" enabled="true" focusable="true" focused="false" scrollable="false" long-clickable="false" password="false" selected="false" bounds="[0,1423][1080,1553]"><node index="0" text="4:08pm" resource-id="de.hafas.android.cfl:id/stoptime_arrival" class="android.widget.TextView" package="de.hafas.android.cfl" content-desc="4:08pm" checkable="false" checked="false" clickable="false" enabled="true" focusable="false" focused="false" scrollable="false" long-clickable="false" password="false" selected="false" bounds="[83,1442][276,1486]" /><node index="1" text="4:09pm" resource-id="de.hafas.android.cfl:id/stoptime_departure" class="android.widget.TextView" package="de.hafas.android.cfl" content-desc="4:09pm" checkable="false" checked="false" clickable="false" enabled="true" focusable="false" focused="false" scrollable="false" long-clickable="false" password="false" selected="false" bounds="[83,1486][276,1530]" /><node index="2" text="Capellen" resource-id="de.hafas.android.cfl:id/text_message" class="android.widget.TextView" package="de.hafas.android.cfl" content-desc="" checkable="false" checked="false" clickable="false" enabled="true" focusable="false" focused="false" scrollable="false" long-clickable="false" password="false" selected="false" bounds="[287,1462][426,1511]" /><node index="3" text="Pl. 1" resource-id="de.hafas.android.cfl:id/text_platform_departure" class="android.widget.TextView" package="de.hafas.android.cfl" content-desc="" checkable="false" checked="false" clickable="false" enabled="true" focusable="false" focused="false" scrollable="false" long-clickable="false" password="false" selected="false" bounds="[932,1462][1036,1511]" /></node><node index="12" text="" resource-id="" class="android.view.ViewGroup" package="de.hafas.android.cfl" content-desc="Station Kleinbettingen  Arrival 4:13pm  at Platform 1  Departure at 4:14pm  from Platform 1 &#10;&#10;" checkable="false" checked="false" clickable="true" enabled="true" focusable="true" focused="false" scrollable="false" long-clickable="false" password="false" selected="false" bounds="[0,1553][1080,1683]"><node index="0" text="4:13pm" resource-id="de.hafas.android.cfl:id/stoptime_arrival" class="android.widget.TextView" package="de.hafas.android.cfl" content-desc="4:13pm" checkable="false" checked="false" clickable="false" enabled="true" focusable="false" focused="false" scrollable="false" long-clickable="false" password="false" selected="false" bounds="[83,1572][276,1616]" /><node index="1" text="4:14pm" resource-id="de.hafas.android.cfl:id/stoptime_departure" class="android.widget.TextView" package="de.hafas.android.cfl" content-desc="4:14pm" checkable="false" checked="false" clickable="false" enabled="true" focusable="false" focused="false" scrollable="false" long-clickable="false" password="false" selected="false" bounds="[83,1616][276,1660]" /><node index="2" text="Kleinbettingen" resource-id="de.hafas.android.cfl:id/text_message" class="android.widget.TextView" package="de.hafas.android.cfl" content-desc="" checkable="false" checked="false" clickable="false" enabled="true" focusable="false" focused="false" scrollable="false" long-clickable="false" password="false" selected="false" bounds="[287,1592][518,1641]" /><node index="3" text="Pl. 1" resource-id="de.hafas.android.cfl:id/text_platform_departure" class="android.widget.TextView" package="de.hafas.android.cfl" content-desc="" checkable="false" checked="false" clickable="false" enabled="true" focusable="false" focused="false" scrollable="false" long-clickable="false" password="false" selected="false" bounds="[932,1592][1036,1641]" /></node><node index="13" text="" resource-id="" class="android.view.ViewGroup" package="de.hafas.android.cfl" content-desc="Station Arlon (Belgium)  Arrival 4:23pm  at Platform 4 &#10;&#10;" checkable="false" checked="false" clickable="true" enabled="true" focusable="true" focused="false" scrollable="false" long-clickable="false" password="false" selected="false" bounds="[0,1683][1080,1810]"><node index="0" text="4:23pm" resource-id="de.hafas.android.cfl:id/stoptime_arrival" class="android.widget.TextView" package="de.hafas.android.cfl" content-desc="4:23pm" checkable="false" checked="false" clickable="false" enabled="true" focusable="false" focused="false" scrollable="false" long-clickable="false" password="false" selected="false" bounds="[83,1720][276,1773]" /><node index="1" text="Arlon (Belgium)" resource-id="de.hafas.android.cfl:id/text_message" class="android.widget.TextView" package="de.hafas.android.cfl" content-desc="" checkable="false" checked="false" clickable="false" enabled="true" focusable="false" focused="false" scrollable="false" long-clickable="false" password="false" selected="false" bounds="[287,1720][563,1773]" /><node index="2" text="Pl. 4" resource-id="de.hafas.android.cfl:id/text_platform_arrival" class="android.widget.TextView" package="de.hafas.android.cfl" content-desc="" checkable="false" checked="false" clickable="false" enabled="true" focusable="false" focused="false" scrollable="false" long-clickable="false" password="false" selected="false" bounds="[927,1720][1036,1773]" /></node><node index="14" text="&#10;All information without warranty." resource-id="de.hafas.android.cfl:id/text_note" class="android.widget.TextView" package="de.hafas.android.cfl" content-desc="" checkable="false" checked="false" clickable="false" enabled="true" focusable="false" focused="false" scrollable="false" long-clickable="false" password="false" selected="false" bounds="[0,1843][1080,2014]" /></node></node></node></node></hierarchy>