<?xml version='1.0' encoding='UTF-8' standalone='yes' ?><hierarchy rotation="0"><node index="0" text="" resource-id="" class="android.widget.FrameLayout" package="lu.cfl.cflgo.qual" content-desc="" checkable="false" checked="false" clickable="false" enabled="true" focusable="false" focused="false" scrollable="false" long-clickable="false" password="false" selected="false" bounds="[0,0][1080,2028]"><node index="0" text="" resource-id="" class="android.view.ViewGroup" package="lu.cfl.cflgo.qual" content-desc="" checkable="false" checked="false" clickable="false" enabled="true" focusable="false" focused="false" scrollable="false" long-clickable="false" password="false" selected="false" bounds="[0,0][1080,2028]"><node index="0" text="" resource-id="" class="android.view.ViewGroup" package="lu.cfl.cflgo.qual" content-desc="" checkable="false" checked="false" clickable="false" enabled="true" focusable="false" focused="false" scrollable="false" long-clickable="false" password="false" selected="false" bounds="[0,0][1080,1836]"><node index="0" text="" resource-id="header-search-back-btn" class="android.widget.Button" package="lu.cfl.cflgo.qual" content-desc="Back to previous page" checkable="false" checked="false" clickable="true" enabled="true" focusable="true" focused="false" scrollable="false" long-clickable="false" password="false" selected="false" bounds="[55,118][193,228]" /><node index="1" text="Search results" resource-id="searchHeader_back" class="android.widget.TextView" package="lu.cfl.cflgo.qual" content-desc="" checkable="false" checked="false" clickable="false" enabled="true" focusable="false" focused="false" scrollable="false" long-clickable="false" password="false" selected="false" bounds="[55,142][1025,205]" /><node index="2" text="" resource-id="itineraryLine" class="android.view.ViewGroup" package="lu.cfl.cflgo.qual" content-desc="" checkable="false" checked="false" clickable="false" enabled="true" focusable="false" focused="false" scrollable="false" long-clickable="false" password="false" selected="false" bounds="[55,287][74,476]" /><node index="3" text="" resource-id="" class="android.view.ViewGroup" package="lu.cfl.cflgo.qual" content-desc="Search summary: Departure from Luxembourg to Arlon (Belgium) via Luxembourg, Gare Centrale routière. Departure on 15 January 2026 at 8 35 AM." checkable="false" checked="false" clickable="false" enabled="true" focusable="true" focused="false" scrollable="false" long-clickable="false" password="false" selected="false" bounds="[107,264][835,499]"><node index="0" text="" resource-id="remove" class="android.widget.Button" package="lu.cfl.cflgo.qual" content-desc="Remove the Luxembourg, Gare Centrale routière via" checkable="false" checked="false" clickable="true" enabled="true" focusable="true" focused="false" scrollable="false" long-clickable="false" password="false" selected="false" bounds="[622,354][677,409]" /></node><node index="4" text="" resource-id="" class="android.widget.Button" package="lu.cfl.cflgo.qual" content-desc="Swap departure and arrival" checkable="false" checked="false" clickable="true" enabled="true" focusable="true" focused="false" scrollable="false" long-clickable="false" password="false" selected="false" bounds="[868,264][1000,396]" /><node index="5" text="" resource-id="" class="android.view.ViewGroup" package="lu.cfl.cflgo.qual" content-desc="Departure, 15/01/2026 - 08:35" checkable="false" checked="false" clickable="false" enabled="true" focusable="true" focused="false" scrollable="false" long-clickable="false" password="false" selected="false" bounds="[55,587][1025,642]" /><node index="6" text="" resource-id="" class="android.widget.Button" package="lu.cfl.cflgo.qual" content-desc="Change trajet time and date" checkable="false" checked="false" clickable="true" enabled="true" focusable="true" focused="false" scrollable="false" long-clickable="false" password="false" selected="false" bounds="[55,675][369,802]"><node index="0" text="Modify date/time" resource-id="" class="android.widget.TextView" package="lu.cfl.cflgo.qual" content-desc="" checkable="false" checked="false" clickable="false" enabled="true" focusable="false" focused="false" scrollable="false" long-clickable="false" password="false" selected="false" bounds="[111,685][314,791]" /></node><node index="7" text="" resource-id="add-via-btn" class="android.widget.Button" package="lu.cfl.cflgo.qual" content-desc="Add an intermediate stop to your route" checkable="false" checked="false" clickable="true" enabled="true" focusable="true" focused="false" scrollable="false" long-clickable="false" password="false" selected="false" bounds="[383,675][697,802]"><node index="0" text="Modify via" resource-id="" class="android.widget.TextView" package="lu.cfl.cflgo.qual" content-desc="" checkable="false" checked="false" clickable="false" enabled="true" focusable="false" focused="false" scrollable="false" long-clickable="false" password="false" selected="false" bounds="[435,710][645,767]" /></node><node index="8" text="" resource-id="add-favorite-btn" class="android.widget.Button" package="lu.cfl.cflgo.qual" content-desc="Add as favorite" checkable="false" checked="false" clickable="true" enabled="true" focusable="true" focused="false" scrollable="false" long-clickable="false" password="false" selected="false" bounds="[711,675][1025,802]"><node index="0" text="Add as favorite" resource-id="" class="android.widget.TextView" package="lu.cfl.cflgo.qual" content-desc="" checkable="false" checked="false" clickable="false" enabled="true" focusable="false" focused="false" scrollable="false" long-clickable="false" password="false" selected="false" bounds="[790,685][947,791]" /></node><node index="9" text="" resource-id="" class="android.view.ViewGroup" package="lu.cfl.cflgo.qual" content-desc="" checkable="false" checked="false" clickable="false" enabled="true" focusable="false" focused="false" scrollable="false" long-clickable="false" password="false" selected="false" bounds="[0,829][1080,1836]"><node index="0" text="No trips available between Luxembourg and Arlon (Belgium), passing through Luxembourg, Gare Centrale routière. Please choose another route." resource-id="" class="android.view.View" package="lu.cfl.cflgo.qual" content-desc="" checkable="false" checked="false" clickable="false" enabled="true" focusable="false" focused="false" scrollable="false" long-clickable="false" password="false" selected="false" bounds="[93,857][988,1101]" /></node><node index="10" text="Search result page" resource-id="" class="android.widget.TextView" package="lu.cfl.cflgo.qual" content-desc="Search result page" checkable="false" checked="false" clickable="false" enabled="true" focusable="false" focused="false" scrollable="false" long-clickable="false" password="false" selected="false" bounds="[0,77][3,80]" /></node><node index="1" text="" resource-id="" class="android.view.View" package="lu.cfl.cflgo.qual" content-desc="" checkable="false" checked="false" clickable="false" enabled="true" focusable="false" focused="false" scrollable="false" long-clickable="false" password="false" selected="false" bounds="[28,1837][1053,2028]"><node index="0" text="" resource-id="" class="android.view.View" package="lu.cfl.cflgo.qual" content-desc="Tab Notifications  unselected, 2 sur 5" checkable="false" checked="false" clickable="true" enabled="true" focusable="true" focused="false" scrollable="false" long-clickable="false" password="false" selected="false" bounds="[34,1837][228,2002]" /><node index="1" text="" resource-id="" class="android.view.View" package="lu.cfl.cflgo.qual" content-desc="Tab Works  unselected, 3 sur 5" checkable="false" checked="false" clickable="true" enabled="true" focusable="true" focused="false" scrollable="false" long-clickable="false" password="false" selected="false" bounds="[239,1837][433,2002]" /><node index="2" text="" resource-id="" class="android.view.View" package="lu.cfl.cflgo.qual" content-desc="Tab layout_itineraries_accessibility_label  selected, 1 sur 5" checkable="false" checked="false" clickable="true" enabled="true" focusable="true" focused="false" scrollable="false" long-clickable="false" password="false" selected="true" bounds="[444,1837][638,1955]" /><node index="3" text="" resource-id="" class="android.view.View" package="lu.cfl.cflgo.qual" content-desc="Tab Tickets  unselected, 4 sur 5" checkable="false" checked="false" clickable="true" enabled="true" focusable="true" focused="false" scrollable="false" long-clickable="false" password="false" selected="false" bounds="[649,1837][843,2002]" /><node index="4" text="" resource-id="" class="android.view.View" package="lu.cfl.cflgo.qual" content-desc="Tab My C F L  unselected, 5 sur 5" checkable="false" checked="false" clickable="true" enabled="true" focusable="true" focused="false" scrollable="false" long-clickable="false" password="false" selected="false" bounds="[854,1837][1048,2002]" /></node></node></node></hierarchy>