<?xml version='1.0' encoding='UTF-8' standalone='yes' ?><hierarchy rotation="0"><node index="0" text="" resource-id="" class="android.widget.FrameLayout" package="lu.cfl.cflgo.qual" content-desc="" checkable="false" checked="false" clickable="false" enabled="true" focusable="false" focused="false" scrollable="false" long-clickable="false" password="false" selected="false" bounds="[0,0][1080,2028]"><node index="0" text="" resource-id="" class="android.view.ViewGroup" package="lu.cfl.cflgo.qual" content-desc="" checkable="false" checked="false" clickable="false" enabled="true" focusable="false" focused="false" scrollable="false" long-clickable="false" password="false" selected="false" bounds="[0,0][1080,2028]"><node index="0" text="" resource-id="" class="android.view.ViewGroup" package="lu.cfl.cflgo.qual" content-desc="" checkable="false" checked="false" clickable="false" enabled="true" focusable="false" focused="false" scrollable="false" long-clickable="false" password="false" selected="false" bounds="[0,0][1080,1836]"><node index="0" text="" resource-id="header-search-back-btn" class="android.widget.Button" package="lu.cfl.cflgo.qual" content-desc="Back to previous page" checkable="false" checked="false" clickable="true" enabled="true" focusable="true" focused="false" scrollable="false" long-clickable="false" password="false" selected="false" bounds="[55,118][193,228]" /><node index="1" text="Search results" resource-id="searchHeader_back" class="android.widget.TextView" package="lu.cfl.cflgo.qual" content-desc="" checkable="false" checked="false" clickable="false" enabled="true" focusable="false" focused="false" scrollable="false" long-clickable="false" password="false" selected="false" bounds="[55,142][1025,205]" /><node index="2" text="" resource-id="itineraryLine" class="android.view.ViewGroup" package="lu.cfl.cflgo.qual" content-desc="" checkable="false" checked="false" clickable="false" enabled="true" focusable="false" focused="false" scrollable="false" long-clickable="false" password="false" selected="false" bounds="[55,275][74,363]" /><node index="3" text="" resource-id="" class="android.view.ViewGroup" package="lu.cfl.cflgo.qual" content-desc="Search summary: Departure from Luxembourg to Luxembourg, Gare Centrale routière. Departure now." checkable="false" checked="false" clickable="false" enabled="true" focusable="true" focused="false" scrollable="false" long-clickable="false" password="false" selected="false" bounds="[107,264][835,389]" /><node index="4" text="" resource-id="" class="android.widget.Button" package="lu.cfl.cflgo.qual" content-desc="Swap departure and arrival" checkable="false" checked="false" clickable="true" enabled="true" focusable="true" focused="false" scrollable="false" long-clickable="false" password="false" selected="false" bounds="[868,264][1000,396]" /><node index="5" text="" resource-id="" class="android.view.ViewGroup" package="lu.cfl.cflgo.qual" content-desc="Departure, now" checkable="false" checked="false" clickable="false" enabled="true" focusable="true" focused="false" scrollable="false" long-clickable="false" password="false" selected="false" bounds="[55,429][1025,484]" /><node index="6" text="" resource-id="" class="android.widget.Button" package="lu.cfl.cflgo.qual" content-desc="Change trajet time and date" checkable="false" checked="false" clickable="true" enabled="true" focusable="true" focused="false" scrollable="false" long-clickable="false" password="false" selected="false" bounds="[55,517][369,644]"><node index="0" text="Modify date/time" resource-id="" class="android.widget.TextView" package="lu.cfl.cflgo.qual" content-desc="" checkable="false" checked="false" clickable="false" enabled="true" focusable="false" focused="false" scrollable="false" long-clickable="false" password="false" selected="false" bounds="[111,527][314,633]" /></node><node index="7" text="" resource-id="add-via-btn" class="android.widget.Button" package="lu.cfl.cflgo.qual" content-desc="Add an intermediate stop to your route" checkable="false" checked="false" clickable="true" enabled="true" focusable="true" focused="false" scrollable="false" long-clickable="false" password="false" selected="false" bounds="[383,517][697,644]"><node index="0" text="Add a via" resource-id="" class="android.widget.TextView" package="lu.cfl.cflgo.qual" content-desc="" checkable="false" checked="false" clickable="false" enabled="true" focusable="false" focused="false" scrollable="false" long-clickable="false" password="false" selected="false" bounds="[445,552][636,609]" /></node><node index="8" text="" resource-id="add-favorite-btn" class="android.widget.Button" package="lu.cfl.cflgo.qual" content-desc="Add as favorite" checkable="false" checked="false" clickable="true" enabled="true" focusable="true" focused="false" scrollable="false" long-clickable="false" password="false" selected="false" bounds="[711,517][1025,644]"><node index="0" text="Add as favorite" resource-id="" class="android.widget.TextView" package="lu.cfl.cflgo.qual" content-desc="" checkable="false" checked="false" clickable="false" enabled="true" focusable="false" focused="false" scrollable="false" long-clickable="false" password="false" selected="false" bounds="[790,527][947,633]" /></node><node index="9" text="" resource-id="" class="android.view.ViewGroup" package="lu.cfl.cflgo.qual" content-desc="" checkable="false" checked="false" clickable="false" enabled="true" focusable="false" focused="false" scrollable="false" long-clickable="false" password="false" selected="false" bounds="[0,671][1080,1836]"><node index="0" text="No trips available between Luxembourg and Luxembourg, Gare Centrale routière. Please choose another route." resource-id="" class="android.view.View" package="lu.cfl.cflgo.qual" content-desc="" checkable="false" checked="false" clickable="false" enabled="true" focusable="false" focused="false" scrollable="false" long-clickable="false" password="false" selected="false" bounds="[112,699][969,882]" /></node><node index="10" text="Search result page" resource-id="" class="android.widget.TextView" package="lu.cfl.cflgo.qual" content-desc="Search result page" checkable="false" checked="false" clickable="false" enabled="true" focusable="false" focused="false" scrollable="false" long-clickable="false" password="false" selected="false" bounds="[0,77][3,80]" /></node><node index="1" text="" resource-id="" class="android.view.View" package="lu.cfl.cflgo.qual" content-desc="" checkable="false" checked="false" clickable="false" enabled="true" focusable="false" focused="false" scrollable="false" long-clickable="false" password="false" selected="false" bounds="[28,1837][1053,2028]"><node index="0" text="" resource-id="" class="android.view.View" package="lu.cfl.cflgo.qual" content-desc="Tab Notifications  unselected, 2 sur 5" checkable="false" checked="false" clickable="true" enabled="true" focusable="true" focused="false" scrollable="false" long-clickable="false" password="false" selected="false" bounds="[34,1837][228,2002]" /><node index="1" text="" resource-id="" class="android.view.View" package="lu.cfl.cflgo.qual" content-desc="Tab Works  unselected, 3 sur 5" checkable="false" checked="false" clickable="true" enabled="true" focusable="true" focused="false" scrollable="false" long-clickable="false" password="false" selected="false" bounds="[239,1837][433,2002]" /><node index="2" text="" resource-id="" class="android.view.View" package="lu.cfl.cflgo.qual" content-desc="Tab layout_itineraries_accessibility_label  selected, 1 sur 5" checkable="false" checked="false" clickable="true" enabled="true" focusable="true" focused="false" scrollable="false" long-clickable="false" password="false" selected="true" bounds="[444,1837][638,1955]" /><node index="3" text="" resource-id="" class="android.view.View" package="lu.cfl.cflgo.qual" content-desc="Tab Tickets  unselected, 4 sur 5" checkable="false" checked="false" clickable="true" enabled="true" focusable="true" focused="false" scrollable="false" long-clickable="false" password="false" selected="false" bounds="[649,1837][843,2002]" /><node index="4" text="" resource-id="" class="android.view.View" package="lu.cfl.cflgo.qual" content-desc="Tab My C F L  unselected, 5 sur 5" checkable="false" checked="false" clickable="true" enabled="true" focusable="true" focused="false" scrollable="false" long-clickable="false" password="false" selected="false" bounds="[854,1837][1048,2002]" /></node></node></node></hierarchy>